Label,WeeklyFVG,DailyFVG,H4FVG,M15FVG,W1_HighLow,D1_HighLow,H4_HighLow,M15_HighLow,W1_BOS,D1_BOS,H4_BOS,M15_BOS,PositiveCount,TheoreticalMax,P0,P10,P20,P30,P40,P50,P60,P70,P80,P90,P100
row1,1,1,1,1,1,1,1,1,1,1,1,1,2917,12.000000,1.000000,1.000000,1.000000,1.000000,2.000000,2.000000,2.000000,3.000000,3.000000,4.000000,7.000000
row2,6,1,1,1,1,1,1,1,1,1,1,1,3085,17.000000,1.000000,1.000000,1.000000,2.000000,2.000000,2.000000,3.000000,4.000000,6.000000,8.000000,12.000000
row3,11,1,1,1,1,1,1,1,1,1,1,1,3085,22.000000,1.000000,1.000000,1.000000,2.000000,2.000000,2.000000,3.000000,4.000000,11.000000,13.000000,17.000000
row4,16,1,1,1,1,1,1,1,1,1,1,1,3085,27.000000,1.000000,1.000000,1.000000,2.000000,2.000000,2.000000,3.000000,4.000000,16.000000,18.000000,22.000000
row5,21,1,1,1,1,1,1,1,1,1,1,1,3085,32.000000,1.000000,1.000000,1.000000,2.000000,2.000000,2.000000,3.000000,4.000000,21.000000,23.000000,27.000000
row6,25,1,1,1,1,1,1,1,1,1,1,1,3085,36.000000,1.000000,1.000000,1.000000,2.000000,2.000000,2.000000,3.000000,4.000000,25.000000,27.000000,31.000000
row7,1,6,1,1,1,1,1,1,1,1,1,1,2936,17.000000,1.000000,1.000000,1.000000,1.000000,2.000000,2.000000,2.000000,3.000000,4.000000,5.000000,10.000000
row8,6,6,1,1,1,1,1,1,1,1,1,1,3104,22.000000,1.000000,1.000000,1.000000,2.000000,2.000000,2.000000,3.000000,4.000000,6.000000,8.000000,15.000000
row9,11,6,1,1,1,1,1,1,1,1,1,1,3104,27.000000,1.000000,1.000000,1.000000,2.000000,2.000000,3.000000,4.000000,5.000000,11.000000,13.000000,20.000000
row10,16,6,1,1,1,1,1,1,1,1,1,1,3104,32.000000,1.000000,1.000000,1.000000,2.000000,2.000000,3.000000,4.000000,5.000000,16.000000,18.000000,25.000000
row11,21,6,1,1,1,1,1,1,1,1,1,1,3104,37.000000,1.000000,1.000000,1.000000,2.000000,2.000000,3.000000,4.000000,5.000000,21.000000,23.000000,30.000000
row12,25,6,1,1,1,1,1,1,1,1,1,1,3104,41.000000,1.000000,1.000000,1.000000,2.000000,2.000000,3.000000,4.000000,5.000000,25.000000,27.000000,34.000000
row13,1,11,1,1,1,1,1,1,1,1,1,1,2936,22.000000,1.000000,1.000000,1.000000,1.000000,2.000000,2.000000,2.000000,3.000000,4.000000,5.000000,15.000000
row14,6,11,1,1,1,1,1,1,1,1,1,1,3104,27.000000,1.000000,1.000000,1.000000,2.000000,2.000000,2.000000,3.000000,4.000000,6.000000,8.000000,20.000000
row15,11,11,1,1,1,1,1,1,1,1,1,1,3104,32.000000,1.000000,1.000000,1.000000,2.000000,2.000000,3.000000,4.000000,7.000000,11.000000,13.000000,25.000000
row16,16,11,1,1,1,1,1,1,1,1,1,1,3104,37.000000,1.000000,1.000000,1.000000,2.000000,2.000000,3.000000,4.000000,7.200000,16.000000,18.000000,30.000000
row17,21,11,1,1,1,1,1,1,1,1,1,1,3104,42.000000,1.000000,1.000000,1.000000,2.000000,2.000000,3.000000,4.000000,7.200000,21.000000,23.000000,35.000000
row18,25,11,1,1,1,1,1,1,1,1,1,1,3104,46.000000,1.000000,1.000000,1.000000,2.000000,2.000000,3.000000,4.000000,7.200000,25.000000,27.000000,39.000000
row19,1,16,1,1,1,1,1,1,1,1,1,1,2936,27.000000,1.000000,1.000000,1.000000,1.000000,2.000000,2.000000,2.000000,3.000000,4.000000,5.000000,20.000000
row20,6,16,1,1,1,1,1,1,1,1,1,1,3104,32.000000,1.000000,1.000000,1.000000,2.000000,2.000000,2.000000,3.000000,4.000000,6.000000,8.000000,25.000000
row21,11,16,1,1,1,1,1,1,1,1,1,1,3104,37.000000,1.000000,1.000000,1.000000,2.000000,2.000000,3.000000,4.000000,7.000000,11.000000,13.000000,30.000000
row22,16,16,1,1,1,1,1,1,1,1,1,1,3104,42.000000,1.000000,1.000000,1.000000,2.000000,2.000000,3.000000,4.000000,12.000000,16.000000,18.000000,35.000000
row23,21,16,1,1,1,1,1,1,1,1,1,1,3104,47.000000,1.000000,1.000000,1.000000,2.000000,2.000000,3.000000,4.000000,12.200000,21.000000,23.000000,40.000000
row24,25,16,1,1,1,1,1,1,1,1,1,1,3104,51.000000,1.000000,1.000000,1.000000,2.000000,2.000000,3.000000,4.000000,12.200000,25.000000,27.000000,44.000000
row25,1,21,1,1,1,1,1,1,1,1,1,1,2936,32.000000,1.000000,1.000000,1.000000,1.000000,2.000000,2.000000,2.000000,3.000000,4.000000,5.000000,25.000000
row26,6,21,1,1,1,1,1,1,1,1,1,1,3104,37.000000,1.000000,1.000000,1.000000,2.000000,2.000000,2.000000,3.000000,4.000000,6.000000,8.000000,30.000000
row27,11,21,1,1,1,1,1,1,1,1,1,1,3104,42.000000,1.000000,1.000000,1.000000,2.000000,2.000000,3.000000,4.000000,7.000000,11.000000,13.000000,35.000000
row28,16,21,1,1,1,1,1,1,1,1,1,1,3104,47.000000,1.000000,1.000000,1.000000,2.000000,2.000000,3.000000,4.000000,12.000000,16.000000,18.000000,40.000000
row29,21,21,1,1,1,1,1,1,1,1,1,1,3104,52.000000,1.000000,1.000000,1.000000,2.000000,2.000000,3.000000,4.000000,17.000000,21.000000,23.000000,45.000000
row30,25,21,1,1,1,1,1,1,1,1,1,1,3104,56.000000,1.000000,1.000000,1.000000,2.000000,2.000000,3.000000,4.000000,17.200000,25.000000,27.000000,49.000000
row31,1,25,1,1,1,1,1,1,1,1,1,1,2936,36.000000,1.000000,1.000000,1.000000,1.000000,2.000000,2.000000,2.000000,3.000000,4.000000,5.000000,29.000000
row32,6,25,1,1,1,1,1,1,1,1,1,1,3104,41.000000,1.000000,1.000000,1.000000,2.000000,2.000000,2.000000,3.000000,4.000000,6.000000,8.000000,34.000000
row33,11,25,1,1,1,1,1,1,1,1,1,1,3104,46.000000,1.000000,1.000000,1.000000,2.000000,2.000000,3.000000,4.000000,7.000000,11.000000,13.000000,39.000000
row34,16,25,1,1,1,1,1,1,1,1,1,1,3104,51.000000,1.000000,1.000000,1.000000,2.000000,2.000000,3.000000,4.000000,12.000000,16.000000,18.000000,44.000000
row35,21,25,1,1,1,1,1,1,1,1,1,1,3104,56.000000,1.000000,1.000000,1.000000,2.000000,2.000000,3.000000,4.000000,17.000000,21.000000,23.000000,49.000000
row36,25,25,1,1,1,1,1,1,1,1,1,1,3104,60.000000,1.000000,1.000000,1.000000,2.000000,2.000000,3.000000,4.000000,21.000000,25.000000,27.000000,53.000000
row37,1,1,6,1,1,1,1,1,1,1,1,1,3096,17.000000,1.000000,1.000000,1.000000,2.000000,2.000000,2.000000,3.000000,4.000000,4.000000,6.000000,12.000000
row38,6,1,6,1,1,1,1,1,1,1,1,1,3258,22.000000,1.000000,1.000000,2.000000,2.000000,2.000000,3.000000,4.000000,6.000000,6.000000,8.000000,17.000000
row39,11,1,6,1,1,1,1,1,1,1,1,1,3258,27.000000,1.000000,1.000000,2.000000,2.000000,2.000000,3.000000,5.000000,7.000000,11.000000,13.000000,22.000000
row40,16,1,6,1,1,1,1,1,1,1,1,1,3258,32.000000,1.000000,1.000000,2.000000,2.000000,2.000000,3.000000,5.000000,8.000000,16.000000,18.000000,27.000000
row41,21,1,6,1,1,1,1,1,1,1,1,1,3258,37.000000,1.000000,1.000000,2.000000,2.000000,2.000000,3.000000,5.000000,8.000000,21.000000,23.000000,32.000000
row42,25,1,6,1,1,1,1,1,1,1,1,1,3258,41.000000,1.000000,1.000000,2.000000,2.000000,2.000000,3.000000,5.000000,8.000000,25.000000,27.000000,36.000000
row43,1,6,6,1,1,1,1,1,1,1,1,1,3115,22.000000,1.000000,1.000000,1.000000,2.000000,2.000000,2.000000,3.000000,4.000000,5.000000,8.000000,14.000000
row44,6,6,6,1,1,1,1,1,1,1,1,1,3277,27.000000,1.000000,1.000000,2.000000,2.000000,2.000000,4.000000,4.000000,6.000000,7.000000,8.000000,17.000000
row45,11,6,6,1,1,1,1,1,1,1,1,1,3277,32.000000,1.000000,1.000000,2.000000,2.000000,2.000000,4.000000,5.000000,8.000000,11.000000,13.000000,22.000000
row46,16,6,6,1,1,1,1,1,1,1,1,1,3277,37.000000,1.000000,1.000000,2.000000,2.000000,2.000000,4.000000,5.000000,8.000000,16.000000,18.000000,27.000000
row47,21,6,6,1,1,1,1,1,1,1,1,1,3277,42.000000,1.000000,1.000000,2.000000,2.000000,2.000000,4.000000,5.000000,8.000000,21.000000,23.000000,32.000000
row48,25,6,6,1,1,1,1,1,1,1,1,1,3277,46.000000,1.000000,1.000000,2.000000,2.000000,2.000000,4.000000,5.000000,8.000000,25.000000,27.000000,36.000000
row49,1,11,6,1,1,1,1,1,1,1,1,1,3115,27.000000,1.000000,1.000000,1.000000,2.000000,2.000000,2.000000,3.000000,4.000000,5.000000,8.000000,19.000000
row50,6,11,6,1,1,1,1,1,1,1,1,1,3277,32.000000,1.000000,1.000000,2.000000,2.000000,2.000000,4.000000,4.000000,6.000000,8.000000,9.000000,20.000000
row51,11,11,6,1,1,1,1,1,1,1,1,1,3277,37.000000,1.000000,1.000000,2.000000,2.000000,2.000000,4.000000,5.000000,8.000000,11.000000,13.000000,25.000000
row52,16,11,6,1,1,1,1,1,1,1,1,1,3277,42.000000,1.000000,1.000000,2.000000,2.000000,2.000000,4.000000,5.000000,9.000000,16.000000,18.000000,30.000000
row53,21,11,6,1,1,1,1,1,1,1,1,1,3277,47.000000,1.000000,1.000000,2.000000,2.000000,2.000000,4.000000,5.000000,9.000000,21.000000,23.000000,35.000000
row54,25,11,6,1,1,1,1,1,1,1,1,1,3277,51.000000,1.000000,1.000000,2.000000,2.000000,2.000000,4.000000,5.000000,9.000000,25.000000,27.000000,39.000000
row55,1,16,6,1,1,1,1,1,1,1,1,1,3115,32.000000,1.000000,1.000000,1.000000,2.000000,2.000000,2.000000,3.000000,4.000000,5.000000,8.000000,24.000000
row56,6,16,6,1,1,1,1,1,1,1,1,1,3277,37.000000,1.000000,1.000000,2.000000,2.000000,2.000000,4.000000,4.000000,6.000000,8.000000,10.000000,25.000000
row57,11,16,6,1,1,1,1,1,1,1,1,1,3277,42.000000,1.000000,1.000000,2.000000,2.000000,2.000000,4.000000,5.000000,8.000000,11.000000,13.000000,30.000000
row58,16,16,6,1,1,1,1,1,1,1,1,1,3277,47.000000,1.000000,1.000000,2.000000,2.000000,2.000000,4.000000,5.000000,9.000000,16.000000,18.000000,35.000000
row59,21,16,6,1,1,1,1,1,1,1,1,1,3277,52.000000,1.000000,1.000000,2.000000,2.000000,2.000000,4.000000,5.000000,9.000000,21.000000,23.000000,40.000000
row60,25,16,6,1,1,1,1,1,1,1,1,1,3277,56.000000,1.000000,1.000000,2.000000,2.000000,2.000000,4.000000,5.000000,9.000000,25.000000,27.000000,44.000000
row61,1,21,6,1,1,1,1,1,1,1,1,1,3115,37.000000,1.000000,1.000000,1.000000,2.000000,2.000000,2.000000,3.000000,4.000000,5.000000,8.000000,29.000000
row62,6,21,6,1,1,1,1,1,1,1,1,1,3277,42.000000,1.000000,1.000000,2.000000,2.000000,2.000000,4.000000,4.000000,6.000000,8.000000,10.000000,30.000000
row63,11,21,6,1,1,1,1,1,1,1,1,1,3277,47.000000,1.000000,1.000000,2.000000,2.000000,2.000000,4.000000,5.000000,8.000000,11.000000,13.000000,35.000000
row64,16,21,6,1,1,1,1,1,1,1,1,1,3277,52.000000,1.000000,1.000000,2.000000,2.000000,2.000000,4.000000,5.000000,9.000000,16.000000,18.000000,40.000000
row65,21,21,6,1,1,1,1,1,1,1,1,1,3277,57.000000,1.000000,1.000000,2.000000,2.000000,2.000000,4.000000,5.000000,9.000000,21.000000,23.000000,45.000000
row66,25,21,6,1,1,1,1,1,1,1,1,1,3277,61.000000,1.000000,1.000000,2.000000,2.000000,2.000000,4.000000,5.000000,9.000000,25.000000,27.000000,49.000000
row67,1,25,6,1,1,1,1,1,1,1,1,1,3115,41.000000,1.000000,1.000000,1.000000,2.000000,2.000000,2.000000,3.000000,4.000000,5.000000,8.000000,33.000000
row68,6,25,6,1,1,1,1,1,1,1,1,1,3277,46.000000,1.000000,1.000000,2.000000,2.000000,2.000000,4.000000,4.000000,6.000000,8.000000,10.000000,34.000000
row69,11,25,6,1,1,1,1,1,1,1,1,1,3277,51.000000,1.000000,1.000000,2.000000,2.000000,2.000000,4.000000,5.000000,8.000000,11.000000,13.000000,39.000000
row70,16,25,6,1,1,1,1,1,1,1,1,1,3277,56.000000,1.000000,1.000000,2.000000,2.000000,2.000000,4.000000,5.000000,9.000000,16.000000,18.000000,44.000000
row71,21,25,6,1,1,1,1,1,1,1,1,1,3277,61.000000,1.000000,1.000000,2.000000,2.000000,2.000000,4.000000,5.000000,9.000000,21.000000,23.000000,49.000000
row72,25,25,6,1,1,1,1,1,1,1,1,1,3277,65.000000,1.000000,1.000000,2.000000,2.000000,2.000000,4.000000,5.000000,9.000000,25.000000,27.000000,53.000000
row73,1,1,11,1,1,1,1,1,1,1,1,1,3096,22.000000,1.000000,1.000000,1.000000,2.000000,2.000000,2.000000,3.000000,4.000000,5.000000,11.000000,17.000000
row74,6,1,11,1,1,1,1,1,1,1,1,1,3258,27.000000,1.000000,1.000000,2.000000,2.000000,2.000000,3.000000,4.000000,6.000000,9.000000,11.000000,22.000000
row75,11,1,11,1,1,1,1,1,1,1,1,1,3258,32.000000,1.000000,1.000000,2.000000,2.000000,2.000000,4.000000,8.000000,11.000000,11.000000,13.000000,27.000000
row76,16,1,11,1,1,1,1,1,1,1,1,1,3258,37.000000,1.000000,1.000000,2.000000,2.000000,2.000000,4.000000,9.000000,12.000000,16.000000,18.000000,32.000000
row77,21,1,11,1,1,1,1,1,1,1,1,1,3258,42.000000,1.000000,1.000000,2.000000,2.000000,2.000000,4.000000,9.000000,13.000000,21.000000,23.000000,37.000000
row78,25,1,11,1,1,1,1,1,1,1,1,1,3258,46.000000,1.000000,1.000000,2.000000,2.000000,2.000000,4.000000,9.000000,13.000000,25.000000,27.000000,41.000000
row79,1,6,11,1,1,1,1,1,1,1,1,1,3115,27.000000,1.000000,1.000000,1.000000,2.000000,2.000000,2.000000,3.000000,4.000000,8.000000,11.000000,19.000000
row80,6,6,11,1,1,1,1,1,1,1,1,1,3277,32.000000,1.000000,1.000000,2.000000,2.000000,2.000000,4.000000,5.000000,7.000000,9.000000,12.000000,22.000000
row81,11,6,11,1,1,1,1,1,1,1,1,1,3277,37.000000,1.000000,1.000000,2.000000,2.000000,2.000000,4.000000,8.000000,11.000000,12.000000,13.000000,27.000000
row82,16,6,11,1,1,1,1,1,1,1,1,1,3277,42.000000,1.000000,1.000000,2.000000,2.000000,2.000000,4.000000,9.000000,12.000000,16.000000,18.000000,32.000000
row83,21,6,11,1,1,1,1,1,1,1,1,1,3277,47.000000,1.000000,1.000000,2.000000,2.000000,2.000000,4.000000,9.000000,13.000000,21.000000,23.000000,37.000000
row84,25,6,11,1,1,1,1,1,1,1,1,1,3277,51.000000,1.000000,1.000000,2.000000,2.000000,2.000000,4.000000,9.000000,13.000000,25.000000,27.000000,41.000000
row85,1,11,11,1,1,1,1,1,1,1,1,1,3115,32.000000,1.000000,1.000000,1.000000,2.000000,2.000000,2.000000,3.000000,4.000000,10.000000,13.000000,24.000000
row86,6,11,11,1,1,1,1,1,1,1,1,1,3277,37.000000,1.000000,1.000000,2.000000,2.000000,2.000000,4.000000,6.000000,8.000000,10.000000,13.000000,24.000000
row87,11,11,11,1,1,1,1,1,1,1,1,1,3277,42.000000,1.000000,1.000000,2.000000,2.000000,2.000000,4.000000,9.000000,11.000000,12.000000,13.000000,27.000000
row88,16,11,11,1,1,1,1,1,1,1,1,1,3277,47.000000,1.000000,1.000000,2.000000,2.000000,2.000000,4.000000,10.000000,13.000000,16.000000,18.000000,32.000000
row89,21,11,11,1,1,1,1,1,1,1,1,1,3277,52.000000,1.000000,1.000000,2.000000,2.000000,2.000000,4.000000,10.000000,13.000000,21.000000,23.000000,37.000000
row90,25,11,11,1,1,1,1,1,1,1,1,1,3277,56.000000,1.000000,1.000000,2.000000,2.000000,2.000000,4.000000,10.000000,13.000000,25.000000,27.000000,41.000000
row91,1,16,11,1,1,1,1,1,1,1,1,1,3115,37.000000,1.000000,1.000000,1.000000,2.000000,2.000000,2.000000,3.000000,4.000000,10.000000,13.000000,29.000000
row92,6,16,11,1,1,1,1,1,1,1,1,1,3277,42.000000,1.000000,1.000000,2.000000,2.000000,2.000000,4.000000,6.000000,8.000000,10.000000,13.000000,29.000000
row93,11,16,11,1,1,1,1,1,1,1,1,1,3277,47.000000,1.000000,1.000000,2.000000,2.000000,2.000000,4.000000,9.000000,11.000000,13.000000,14.000000,30.000000
row94,16,16,11,1,1,1,1,1,1,1,1,1,3277,52.000000,1.000000,1.000000,2.000000,2.000000,2.000000,4.000000,10.000000,13.000000,16.000000,18.000000,35.000000
row95,21,16,11,1,1,1,1,1,1,1,1,1,3277,57.000000,1.000000,1.000000,2.000000,2.000000,2.000000,4.000000,10.000000,14.000000,21.000000,23.000000,40.000000
row96,25,16,11,1,1,1,1,1,1,1,1,1,3277,61.000000,1.000000,1.000000,2.000000,2.000000,2.000000,4.000000,10.000000,14.000000,25.000000,27.000000,44.000000
row97,1,21,11,1,1,1,1,1,1,1,1,1,3115,42.000000,1.000000,1.000000,1.000000,2.000000,2.000000,2.000000,3.000000,4.000000,10.000000,13.000000,34.000000
row98,6,21,11,1,1,1,1,1,1,1,1,1,3277,47.000000,1.000000,1.000000,2.000000,2.000000,2.000000,4.000000,6.000000,8.000000,10.000000,13.000000,34.000000
row99,11,21,11,1,1,1,1,1,1,1,1,1,3277,52.000000,1.000000,1.000000,2.000000,2.000000,2.000000,4.000000,9.000000,11.000000,13.000000,15.000000,35.000000
row100,16,21,11,1,1,1,1,1,1,1,1,1,3277,57.000000,1.000000,1.000000,2.000000,2.000000,2.000000,4.000000,10.000000,13.000000,16.000000,18.000000,40.000000
row101,21,21,11,1,1,1,1,1,1,1,1,1,3277,62.000000,1.000000,1.000000,2.000000,2.000000,2.000000,4.000000,10.000000,14.000000,21.000000,23.000000,45.000000
row102,25,21,11,1,1,1,1,1,1,1,1,1,3277,66.000000,1.000000,1.000000,2.000000,2.000000,2.000000,4.000000,10.000000,14.000000,25.000000,27.000000,49.000000
row103,1,25,11,1,1,1,1,1,1,1,1,1,3115,46.000000,1.000000,1.000000,1.000000,2.000000,2.000000,2.000000,3.000000,4.000000,10.000000,13.000000,38.000000
row104,6,25,11,1,1,1,1,1,1,1,1,1,3277,51.000000,1.000000,1.000000,2.000000,2.000000,2.000000,4.000000,6.000000,8.000000,10.000000,13.000000,38.000000
row105,11,25,11,1,1,1,1,1,1,1,1,1,3277,56.000000,1.000000,1.000000,2.000000,2.000000,2.000000,4.000000,9.000000,11.000000,13.000000,15.000000,39.000000
row106,16,25,11,1,1,1,1,1,1,1,1,1,3277,61.000000,1.000000,1.000000,2.000000,2.000000,2.000000,4.000000,10.000000,13.000000,16.000000,18.000000,44.000000
row107,21,25,11,1,1,1,1,1,1,1,1,1,3277,66.000000,1.000000,1.000000,2.000000,2.000000,2.000000,4.000000,10.000000,14.000000,21.000000,23.000000,49.000000
row108,25,25,11,1,1,1,1,1,1,1,1,1,3277,70.000000,1.000000,1.000000,2.000000,2.000000,2.000000,4.000000,10.000000,14.000000,25.000000,27.000000,53.000000
row109,1,1,16,1,1,1,1,1,1,1,1,1,3096,27.000000,1.000000,1.000000,1.000000,2.000000,2.000000,2.000000,3.000000,4.000000,5.000000,16.000000,22.000000
row110,6,1,16,1,1,1,1,1,1,1,1,1,3258,32.000000,1.000000,1.000000,2.000000,2.000000,2.000000,3.000000,4.000000,6.000000,10.000000,16.000000,27.000000
row111,11,1,16,1,1,1,1,1,1,1,1,1,3258,37.000000,1.000000,1.000000,2.000000,2.000000,2.000000,4.000000,9.000000,11.000000,14.000000,16.000000,32.000000
row112,16,1,16,1,1,1,1,1,1,1,1,1,3258,42.000000,1.000000,1.000000,2.000000,2.000000,2.000000,4.000000,13.000000,16.000000,16.000000,18.000000,37.000000
row113,21,1,16,1,1,1,1,1,1,1,1,1,3258,47.000000,1.000000,1.000000,2.000000,2.000000,2.000000,4.000000,14.000000,17.000000,21.000000,23.000000,42.000000
row114,25,1,16,1,1,1,1,1,1,1,1,1,3258,51.000000,1.000000,1.000000,2.000000,2.000000,2.000000,4.000000,14.000000,18.000000,25.000000,27.000000,46.000000
row115,1,6,16,1,1,1,1,1,1,1,1,1,3115,32.000000,1.000000,1.000000,1.000000,2.000000,2.000000,2.000000,3.000000,4.000000,9.000000,16.000000,24.000000
row116,6,6,16,1,1,1,1,1,1,1,1,1,3277,37.000000,1.000000,1.000000,2.000000,2.000000,2.000000,4.000000,5.000000,7.000000,12.000000,16.000000,27.000000
row117,11,6,16,1,1,1,1,1,1,1,1,1,3277,42.000000,1.000000,1.000000,2.000000,2.000000,2.000000,4.000000,9.000000,12.000000,14.000000,17.000000,32.000000
row118,16,6,16,1,1,1,1,1,1,1,1,1,3277,47.000000,1.000000,1.000000,2.000000,2.000000,2.000000,4.000000,13.000000,16.000000,17.000000,18.000000,37.000000
row119,21,6,16,1,1,1,1,1,1,1,1,1,3277,52.000000,1.000000,1.000000,2.000000,2.000000,2.000000,4.000000,14.000000,17.000000,21.000000,23.000000,42.000000
row120,25,6,16,1,1,1,1,1,1,1,1,1,3277,56.000000,1.000000,1.000000,2.000000,2.000000,2.000000,4.000000,14.000000,18.000000,25.000000,27.000000,46.000000
row121,1,11,16,1,1,1,1,1,1,1,1,1,3115,37.000000,1.000000,1.000000,1.000000,2.000000,2.000000,2.000000,3.000000,4.000000,13.000000,16.000000,29.000000
row122,6,11,16,1,1,1,1,1,1,1,1,1,3277,42.000000,1.000000,1.000000,2.000000,2.000000,2.000000,4.000000,6.000000,8.000000,14.000000,17.000000,29.000000
row123,11,11,16,1,1,1,1,1,1,1,1,1,3277,47.000000,1.000000,1.000000,2.000000,2.000000,2.000000,4.000000,10.000000,12.000000,14.000000,17.000000,32.000000
row124,16,11,16,1,1,1,1,1,1,1,1,1,3277,52.000000,1.000000,1.000000,2.000000,2.000000,2.000000,4.000000,13.000000,16.000000,17.000000,18.000000,37.000000
row125,21,11,16,1,1,1,1,1,1,1,1,1,3277,57.000000,1.000000,1.000000,2.000000,2.000000,2.000000,4.000000,14.000000,17.000000,21.000000,23.000000,42.000000
row126,25,11,16,1,1,1,1,1,1,1,1,1,3277,61.000000,1.000000,1.000000,2.000000,2.000000,2.000000,4.000000,14.000000,18.000000,25.000000,27.000000,46.000000
row127,1,16,16,1,1,1,1,1,1,1,1,1,3115,42.000000,1.000000,1.000000,1.000000,2.000000,2.000000,2.000000,3.000000,4.000000,15.000000,18.000000,34.000000
row128,6,16,16,1,1,1,1,1,1,1,1,1,3277,47.000000,1.000000,1.000000,2.000000,2.000000,2.000000,4.000000,6.000000,8.000000,15.000000,18.000000,34.000000
row129,11,16,16,1,1,1,1,1,1,1,1,1,3277,52.000000,1.000000,1.000000,2.000000,2.000000,2.000000,4.000000,11.000000,13.000000,15.000000,18.000000,34.000000
row130,16,16,16,1,1,1,1,1,1,1,1,1,3277,57.000000,1.000000,1.000000,2.000000,2.000000,2.000000,4.000000,14.000000,16.000000,17.000000,18.000000,37.000000
row131,21,16,16,1,1,1,1,1,1,1,1,1,3277,62.000000,1.000000,1.000000,2.000000,2.000000,2.000000,4.000000,15.000000,18.000000,21.000000,23.000000,42.000000
row132,25,16,16,1,1,1,1,1,1,1,1,1,3277,66.000000,1.000000,1.000000,2.000000,2.000000,2.000000,4.000000,15.000000,18.000000,25.000000,27.000000,46.000000
row133,1,21,16,1,1,1,1,1,1,1,1,1,3115,47.000000,1.000000,1.000000,1.000000,2.000000,2.000000,2.000000,3.000000,4.000000,15.000000,18.000000,39.000000
row134,6,21,16,1,1,1,1,1,1,1,1,1,3277,52.000000,1.000000,1.000000,2.000000,2.000000,2.000000,4.000000,6.000000,8.000000,15.000000,18.000000,39.000000
row135,11,21,16,1,1,1,1,1,1,1,1,1,3277,57.000000,1.000000,1.000000,2.000000,2.000000,2.000000,4.000000,11.000000,13.000000,15.000000,18.000000,39.000000
row136,16,21,16,1,1,1,1,1,1,1,1,1,3277,62.000000,1.000000,1.000000,2.000000,2.000000,2.000000,4.000000,14.000000,16.000000,18.000000,19.000000,40.000000
row137,21,21,16,1,1,1,1,1,1,1,1,1,3277,67.000000,1.000000,1.000000,2.000000,2.000000,2.000000,4.000000,15.000000,18.000000,21.000000,23.000000,45.000000
row138,25,21,16,1,1,1,1,1,1,1,1,1,3277,71.000000,1.000000,1.000000,2.000000,2.000000,2.000000,4.000000,15.000000,19.000000,25.000000,27.000000,49.000000
row139,1,25,16,1,1,1,1,1,1,1,1,1,3115,51.000000,1.000000,1.000000,1.000000,2.000000,2.000000,2.000000,3.000000,4.000000,15.000000,18.000000,43.000000
row140,6,25,16,1,1,1,1,1,1,1,1,1,3277,56.000000,1.000000,1.000000,2.000000,2.000000,2.000000,4.000000,6.000000,8.000000,15.000000,18.000000,43.000000
row141,11,25,16,1,1,1,1,1,1,1,1,1,3277,61.000000,1.000000,1.000000,2.000000,2.000000,2.000000,4.000000,11.000000,13.000000,15.000000,18.000000,43.000000
row142,16,25,16,1,1,1,1,1,1,1,1,1,3277,66.000000,1.000000,1.000000,2.000000,2.000000,2.000000,4.000000,14.000000,16.000000,18.000000,20.000000,44.000000
row143,21,25,16,1,1,1,1,1,1,1,1,1,3277,71.000000,1.000000,1.000000,2.000000,2.000000,2.000000,4.000000,15.000000,18.000000,21.000000,23.000000,49.000000
row144,25,25,16,1,1,1,1,1,1,1,1,1,3277,75.000000,1.000000,1.000000,2.000000,2.000000,2.000000,4.000000,15.000000,19.000000,25.000000,27.000000,53.000000
row145,1,1,21,1,1,1,1,1,1,1,1,1,3096,32.000000,1.000000,1.000000,1.000000,2.000000,2.000000,2.000000,3.000000,4.000000,5.000000,21.000000,27.000000
row146,6,1,21,1,1,1,1,1,1,1,1,1,3258,37.000000,1.000000,1.000000,2.000000,2.000000,2.000000,3.000000,4.000000,6.000000,10.000000,21.000000,32.000000
row147,11,1,21,1,1,1,1,1,1,1,1,1,3258,42.000000,1.000000,1.000000,2.000000,2.000000,2.000000,4.000000,9.000000,11.000000,15.000000,21.000000,37.000000
row148,16,1,21,1,1,1,1,1,1,1,1,1,3258,47.000000,1.000000,1.000000,2.000000,2.000000,2.000000,4.000000,14.000000,16.000000,19.000000,21.000000,42.000000
row149,21,1,21,1,1,1,1,1,1,1,1,1,3258,52.000000,1.000000,1.000000,2.000000,2.000000,2.000000,4.000000,18.000000,21.000000,21.000000,23.000000,47.000000
row150,25,1,21,1,1,1,1,1,1,1,1,1,3258,56.000000,1.000000,1.000000,2.000000,2.000000,2.000000,4.000000,19.000000,22.000000,25.000000,27.000000,51.000000
row151,1,6,21,1,1,1,1,1,1,1,1,1,3115,37.000000,1.000000,1.000000,1.000000,2.000000,2.000000,2.000000,3.000000,4.000000,9.000000,21.000000,29.000000
row152,6,6,21,1,1,1,1,1,1,1,1,1,3277,42.000000,1.000000,1.000000,2.000000,2.000000,2.000000,4.000000,5.000000,7.000000,13.000000,21.000000,32.000000
row153,11,6,21,1,1,1,1,1,1,1,1,1,3277,47.000000,1.000000,1.000000,2.000000,2.000000,2.000000,4.000000,9.000000,12.000000,17.000000,21.000000,37.000000
row154,16,6,21,1,1,1,1,1,1,1,1,1,3277,52.000000,1.000000,1.000000,2.000000,2.000000,2.000000,4.000000,14.000000,17.000000,19.000000,22.000000,42.000000
row155,21,6,21,1,1,1,1,1,1,1,1,1,3277,57.000000,1.000000,1.000000,2.000000,2.000000,2.000000,4.000000,18.000000,21.000000,22.000000,23.000000,47.000000
row156,25,6,21,1,1,1,1,1,1,1,1,1,3277,61.000000,1.000000,1.000000,2.000000,2.000000,2.000000,4.000000,19.000000,22.000000,25.000000,27.000000,51.000000
row157,1,11,21,1,1,1,1,1,1,1,1,1,3115,42.000000,1.000000,1.000000,1.000000,2.000000,2.000000,2.000000,3.000000,4.000000,14.000000,21.000000,34.000000
row158,6,11,21,1,1,1,1,1,1,1,1,1,3277,47.000000,1.000000,1.000000,2.000000,2.000000,2.000000,4.000000,6.000000,8.000000,17.000000,21.000000,34.000000
row159,11,11,21,1,1,1,1,1,1,1,1,1,3277,52.000000,1.000000,1.000000,2.000000,2.000000,2.000000,4.000000,10.000000,12.000000,18.000000,22.000000,37.000000
row160,16,11,21,1,1,1,1,1,1,1,1,1,3277,57.000000,1.000000,1.000000,2.000000,2.000000,2.000000,4.000000,14.000000,17.000000,19.000000,22.000000,42.000000
row161,21,11,21,1,1,1,1,1,1,1,1,1,3277,62.000000,1.000000,1.000000,2.000000,2.000000,2.000000,4.000000,18.000000,21.000000,22.000000,23.000000,47.000000
row162,25,11,21,1,1,1,1,1,1,1,1,1,3277,66.000000,1.000000,1.000000,2.000000,2.000000,2.000000,4.000000,19.000000,22.000000,25.000000,27.000000,51.000000
row163,1,16,21,1,1,1,1,1,1,1,1,1,3115,47.000000,1.000000,1.000000,1.000000,2.000000,2.000000,2.000000,3.000000,4.000000,18.000000,21.000000,39.000000
row164,6,16,21,1,1,1,1,1,1,1,1,1,3277,52.000000,1.000000,1.000000,2.000000,2.000000,2.000000,4.000000,6.000000,8.000000,19.000000,22.000000,39.000000
row165,11,16,21,1,1,1,1,1,1,1,1,1,3277,57.000000,1.000000,1.000000,2.000000,2.000000,2.000000,4.000000,11.000000,13.000000,19.000000,22.000000,39.000000
row166,16,16,21,1,1,1,1,1,1,1,1,1,3277,62.000000,1.000000,1.000000,2.000000,2.000000,2.000000,4.000000,15.000000,17.000000,19.000000,22.000000,42.000000
row167,21,16,21,1,1,1,1,1,1,1,1,1,3277,67.000000,1.000000,1.000000,2.000000,2.000000,2.000000,4.000000,18.000000,21.000000,22.000000,23.000000,47.000000
row168,25,16,21,1,1,1,1,1,1,1,1,1,3277,71.000000,1.000000,1.000000,2.000000,2.000000,2.000000,4.000000,19.000000,22.000000,25.000000,27.000000,51.000000
row169,1,21,21,1,1,1,1,1,1,1,1,1,3115,52.000000,1.000000,1.000000,1.000000,2.000000,2.000000,2.000000,3.000000,4.000000,20.000000,23.000000,44.000000
row170,6,21,21,1,1,1,1,1,1,1,1,1,3277,57.000000,1.000000,1.000000,2.000000,2.000000,2.000000,4.000000,6.000000,8.000000,20.000000,23.000000,44.000000
row171,11,21,21,1,1,1,1,1,1,1,1,1,3277,62.000000,1.000000,1.000000,2.000000,2.000000,2.000000,4.000000,11.000000,13.000000,20.000000,23.000000,44.000000
row172,16,21,21,1,1,1,1,1,1,1,1,1,3277,67.000000,1.000000,1.000000,2.000000,2.000000,2.000000,4.000000,16.000000,18.000000,20.000000,23.000000,44.000000
row173,21,21,21,1,1,1,1,1,1,1,1,1,3277,72.000000,1.000000,1.000000,2.000000,2.000000,2.000000,4.000000,19.000000,21.000000,22.000000,23.000000,47.000000
row174,25,21,21,1,1,1,1,1,1,1,1,1,3277,76.000000,1.000000,1.000000,2.000000,2.000000,2.000000,4.000000,20.000000,23.000000,25.000000,27.000000,51.000000
row175,1,25,21,1,1,1,1,1,1,1,1,1,3115,56.000000,1.000000,1.000000,1.000000,2.000000,2.000000,2.000000,3.000000,4.000000,20.000000,23.000000,48.000000
row176,6,25,21,1,1,1,1,1,1,1,1,1,3277,61.000000,1.000000,1.000000,2.000000,2.000000,2.000000,4.000000,6.000000,8.000000,20.000000,23.000000,48.000000
row177,11,25,21,1,1,1,1,1,1,1,1,1,3277,66.000000,1.000000,1.000000,2.000000,2.000000,2.000000,4.000000,11.000000,13.000000,20.000000,23.000000,48.000000
row178,16,25,21,1,1,1,1,1,1,1,1,1,3277,71.000000,1.000000,1.000000,2.000000,2.000000,2.000000,4.000000,16.000000,18.000000,20.000000,23.000000,48.000000
row179,21,25,21,1,1,1,1,1,1,1,1,1,3277,76.000000,1.000000,1.000000,2.000000,2.000000,2.000000,4.000000,19.000000,21.000000,23.000000,24.000000,49.000000
row180,25,25,21,1,1,1,1,1,1,1,1,1,3277,80.000000,1.000000,1.000000,2.000000,2.000000,2.000000,4.000000,20.000000,23.000000,25.000000,27.000000,53.000000
row181,1,1,25,1,1,1,1,1,1,1,1,1,3096,36.000000,1.000000,1.000000,1.000000,2.000000,2.000000,2.000000,3.000000,4.000000,5.000000,25.000000,31.000000
row182,6,1,25,1,1,1,1,1,1,1,1,1,3258,41.000000,1.000000,1.000000,2.000000,2.000000,2.000000,3.000000,4.000000,6.000000,10.000000,25.000000,36.000000
row183,11,1,25,1,1,1,1,1,1,1,1,1,3258,46.000000,1.000000,1.000000,2.000000,2.000000,2.000000,4.000000,9.000000,11.000000,15.000000,25.000000,41.000000
row184,16,1,25,1,1,1,1,1,1,1,1,1,3258,51.000000,1.000000,1.000000,2.000000,2.000000,2.000000,4.000000,14.000000,16.000000,20.000000,25.000000,46.000000
row185,21,1,25,1,1,1,1,1,1,1,1,1,3258,56.000000,1.000000,1.000000,2.000000,2.000000,2.000000,4.000000,19.000000,21.000000,23.000000,25.000000,51.000000
row186,25,1,25,1,1,1,1,1,1,1,1,1,3258,60.000000,1.000000,1.000000,2.000000,2.000000,2.000000,4.000000,22.000000,25.000000,25.000000,27.000000,55.000000
row187,1,6,25,1,1,1,1,1,1,1,1,1,3115,41.000000,1.000000,1.000000,1.000000,2.000000,2.000000,2.000000,3.000000,4.000000,9.000000,25.000000,33.000000
row188,6,6,25,1,1,1,1,1,1,1,1,1,3277,46.000000,1.000000,1.000000,2.000000,2.000000,2.000000,4.000000,5.000000,7.000000,13.000000,25.000000,36.000000
row189,11,6,25,1,1,1,1,1,1,1,1,1,3277,51.000000,1.000000,1.000000,2.000000,2.000000,2.000000,4.000000,9.000000,12.000000,18.000000,25.000000,41.000000
row190,16,6,25,1,1,1,1,1,1,1,1,1,3277,56.000000,1.000000,1.000000,2.000000,2.000000,2.000000,4.000000,14.000000,17.000000,22.000000,25.000000,46.000000
row191,21,6,25,1,1,1,1,1,1,1,1,1,3277,61.000000,1.000000,1.000000,2.000000,2.000000,2.000000,4.000000,19.000000,21.000000,24.000000,26.000000,51.000000
row192,25,6,25,1,1,1,1,1,1,1,1,1,3277,65.000000,1.000000,1.000000,2.000000,2.000000,2.000000,4.000000,22.000000,25.000000,26.000000,27.000000,55.000000
row193,1,11,25,1,1,1,1,1,1,1,1,1,3115,46.000000,1.000000,1.000000,1.000000,2.000000,2.000000,2.000000,3.000000,4.000000,14.000000,25.000000,38.000000
row194,6,11,25,1,1,1,1,1,1,1,1,1,3277,51.000000,1.000000,1.000000,2.000000,2.000000,2.000000,4.000000,6.000000,8.000000,18.000000,25.000000,38.000000
row195,11,11,25,1,1,1,1,1,1,1,1,1,3277,56.000000,1.000000,1.000000,2.000000,2.000000,2.000000,4.000000,10.000000,12.000000,22.000000,25.000000,41.000000
row196,16,11,25,1,1,1,1,1,1,1,1,1,3277,61.000000,1.000000,1.000000,2.000000,2.000000,2.000000,4.000000,14.000000,17.000000,22.000000,26.000000,46.000000
row197,21,11,25,1,1,1,1,1,1,1,1,1,3277,66.000000,1.000000,1.000000,2.000000,2.000000,2.000000,4.000000,19.000000,21.000000,24.000000,26.000000,51.000000
row198,25,11,25,1,1,1,1,1,1,1,1,1,3277,70.000000,1.000000,1.000000,2.000000,2.000000,2.000000,4.000000,22.000000,25.000000,26.000000,27.000000,55.000000
row199,1,16,25,1,1,1,1,1,1,1,1,1,3115,51.000000,1.000000,1.000000,1.000000,2.000000,2.000000,2.000000,3.000000,4.000000,19.000000,25.000000,43.000000
row200,6,16,25,1,1,1,1,1,1,1,1,1,3277,56.000000,1.000000,1.000000,2.000000,2.000000,2.000000,4.000000,6.000000,8.000000,22.000000,25.000000,43.000000
row201,11,16,25,1,1,1,1,1,1,1,1,1,3277,61.000000,1.000000,1.000000,2.000000,2.000000,2.000000,4.000000,11.000000,13.000000,22.000000,26.000000,43.000000
row202,16,16,25,1,1,1,1,1,1,1,1,1,3277,66.000000,1.000000,1.000000,2.000000,2.000000,2.000000,4.000000,15.000000,17.000000,22.000000,26.000000,46.000000
row203,21,16,25,1,1,1,1,1,1,1,1,1,3277,71.000000,1.000000,1.000000,2.000000,2.000000,2.000000,4.000000,19.000000,21.000000,24.000000,26.000000,51.000000
row204,25,16,25,1,1,1,1,1,1,1,1,1,3277,75.000000,1.000000,1.000000,2.000000,2.000000,2.000000,4.000000,22.000000,25.000000,26.000000,27.000000,55.000000
row205,1,21,25,1,1,1,1,1,1,1,1,1,3115,56.000000,1.000000,1.000000,1.000000,2.000000,2.000000,2.000000,3.000000,4.000000,23.000000,25.000000,48.000000
row206,6,21,25,1,1,1,1,1,1,1,1,1,3277,61.000000,1.000000,1.000000,2.000000,2.000000,2.000000,4.000000,6.000000,8.000000,23.000000,26.000000,48.000000
row207,11,21,25,1,1,1,1,1,1,1,1,1,3277,66.000000,1.000000,1.000000,2.000000,2.000000,2.000000,4.000000,11.000000,13.000000,23.000000,26.000000,48.000000
row208,16,21,25,1,1,1,1,1,1,1,1,1,3277,71.000000,1.000000,1.000000,2.000000,2.000000,2.000000,4.000000,16.000000,18.000000,23.000000,26.000000,48.000000
row209,21,21,25,1,1,1,1,1,1,1,1,1,3277,76.000000,1.000000,1.000000,2.000000,2.000000,2.000000,4.000000,20.000000,22.000000,24.000000,26.000000,51.000000
row210,25,21,25,1,1,1,1,1,1,1,1,1,3277,80.000000,1.000000,1.000000,2.000000,2.000000,2.000000,4.000000,23.000000,25.000000,26.000000,27.000000,55.000000
row211,1,25,25,1,1,1,1,1,1,1,1,1,3115,60.000000,1.000000,1.000000,1.000000,2.000000,2.000000,2.000000,3.000000,4.000000,24.000000,27.000000,52.000000
row212,6,25,25,1,1,1,1,1,1,1,1,1,3277,65.000000,1.000000,1.000000,2.000000,2.000000,2.000000,4.000000,6.000000,8.000000,24.000000,27.000000,52.000000
row213,11,25,25,1,1,1,1,1,1,1,1,1,3277,70.000000,1.000000,1.000000,2.000000,2.000000,2.000000,4.000000,11.000000,13.000000,24.000000,27.000000,52.000000
row214,16,25,25,1,1,1,1,1,1,1,1,1,3277,75.000000,1.000000,1.000000,2.000000,2.000000,2.000000,4.000000,16.000000,18.000000,24.000000,27.000000,52.000000
row215,21,25,25,1,1,1,1,1,1,1,1,1,3277,80.000000,1.000000,1.000000,2.000000,2.000000,2.000000,4.000000,21.000000,23.000000,24.000000,27.000000,52.000000
row216,25,25,25,1,1,1,1,1,1,1,1,1,3277,84.000000,1.000000,1.000000,2.000000,2.000000,2.000000,4.000000,23.000000,25.000000,26.000000,27.000000,55.000000
row217,1,1,1,6,1,1,1,1,1,1,1,1,3100,17.000000,1.000000,1.000000,1.000000,2.000000,2.000000,2.000000,3.000000,4.000000,4.000000,6.000000,12.000000
row218,6,1,1,6,1,1,1,1,1,1,1,1,3260,22.000000,1.000000,1.000000,2.000000,2.000000,2.000000,3.000000,4.000000,6.000000,6.000000,8.000000,17.000000
row219,11,1,1,6,1,1,1,1,1,1,1,1,3260,27.000000,1.000000,1.000000,2.000000,2.000000,2.000000,3.000000,4.000000,7.000000,11.000000,13.000000,22.000000
row220,16,1,1,6,1,1,1,1,1,1,1,1,3260,32.000000,1.000000,1.000000,2.000000,2.000000,2.000000,3.000000,4.000000,8.000000,16.000000,18.000000,27.000000
row221,21,1,1,6,1,1,1,1,1,1,1,1,3260,37.000000,1.000000,1.000000,2.000000,2.000000,2.000000,3.000000,4.000000,8.000000,21.000000,23.000000,32.000000
row222,25,1,1,6,1,1,1,1,1,1,1,1,3260,41.000000,1.000000,1.000000,2.000000,2.000000,2.000000,3.000000,4.000000,8.000000,25.000000,27.000000,36.000000
row223,1,6,1,6,1,1,1,1,1,1,1,1,3119,22.000000,1.000000,1.000000,1.000000,2.000000,2.000000,2.000000,3.000000,4.000000,5.000000,7.000000,14.000000
row224,6,6,1,6,1,1,1,1,1,1,1,1,3279,27.000000,1.000000,1.000000,2.000000,2.000000,2.000000,4.000000,4.000000,6.000000,7.000000,8.000000,19.000000
row225,11,6,1,6,1,1,1,1,1,1,1,1,3279,32.000000,1.000000,1.000000,2.000000,2.000000,2.000000,4.000000,5.000000,8.000000,11.000000,13.000000,24.000000
row226,16,6,1,6,1,1,1,1,1,1,1,1,3279,37.000000,1.000000,1.000000,2.000000,2.000000,2.000000,4.000000,5.000000,8.000000,16.000000,18.000000,29.000000
row227,21,6,1,6,1,1,1,1,1,1,1,1,3279,42.000000,1.000000,1.000000,2.000000,2.000000,2.000000,4.000000,5.000000,8.000000,21.000000,23.000000,34.000000
row228,25,6,1,6,1,1,1,1,1,1,1,1,3279,46.000000,1.000000,1.000000,2.000000,2.000000,2.000000,4.000000,5.000000,8.000000,25.000000,27.000000,38.000000
row229,1,11,1,6,1,1,1,1,1,1,1,1,3119,27.000000,1.000000,1.000000,1.000000,2.000000,2.000000,2.000000,3.000000,4.000000,6.000000,8.000000,19.000000
row230,6,11,1,6,1,1,1,1,1,1,1,1,3279,32.000000,1.000000,1.000000,2.000000,2.000000,2.000000,4.000000,4.000000,6.000000,8.000000,10.000000,24.000000
row231,11,11,1,6,1,1,1,1,1,1,1,1,3279,37.000000,1.000000,1.000000,2.000000,2.000000,2.000000,4.000000,5.000000,8.000000,11.000000,13.000000,29.000000
row232,16,11,1,6,1,1,1,1,1,1,1,1,3279,42.000000,1.000000,1.000000,2.000000,2.000000,2.000000,4.000000,5.000000,9.000000,16.000000,18.000000,34.000000
row233,21,11,1,6,1,1,1,1,1,1,1,1,3279,47.000000,1.000000,1.000000,2.000000,2.000000,2.000000,4.000000,5.000000,9.000000,21.000000,23.000000,39.000000
row234,25,11,1,6,1,1,1,1,1,1,1,1,3279,51.000000,1.000000,1.000000,2.000000,2.000000,2.000000,4.000000,5.000000,9.000000,25.000000,27.000000,43.000000
row235,1,16,1,6,1,1,1,1,1,1,1,1,3119,32.000000,1.000000,1.000000,1.000000,2.000000,2.000000,2.000000,3.000000,4.000000,6.000000,8.000000,24.000000
row236,6,16,1,6,1,1,1,1,1,1,1,1,3279,37.000000,1.000000,1.000000,2.000000,2.000000,2.000000,4.000000,4.000000,6.000000,8.000000,10.000000,29.000000
row237,11,16,1,6,1,1,1,1,1,1,1,1,3279,42.000000,1.000000,1.000000,2.000000,2.000000,2.000000,4.000000,5.000000,8.000000,11.000000,14.000000,34.000000
row238,16,16,1,6,1,1,1,1,1,1,1,1,3279,47.000000,1.000000,1.000000,2.000000,2.000000,2.000000,4.000000,5.000000,9.000000,16.000000,18.000000,39.000000
row239,21,16,1,6,1,1,1,1,1,1,1,1,3279,52.000000,1.000000,1.000000,2.000000,2.000000,2.000000,4.000000,5.000000,9.000000,21.000000,23.000000,44.000000
row240,25,16,1,6,1,1,1,1,1,1,1,1,3279,56.000000,1.000000,1.000000,2.000000,2.000000,2.000000,4.000000,5.000000,9.000000,25.000000,27.000000,48.000000
row241,1,21,1,6,1,1,1,1,1,1,1,1,3119,37.000000,1.000000,1.000000,1.000000,2.000000,2.000000,2.000000,3.000000,4.000000,6.000000,8.000000,29.000000
row242,6,21,1,6,1,1,1,1,1,1,1,1,3279,42.000000,1.000000,1.000000,2.000000,2.000000,2.000000,4.000000,4.000000,6.000000,8.000000,10.000000,34.000000
row243,11,21,1,6,1,1,1,1,1,1,1,1,3279,47.000000,1.000000,1.000000,2.000000,2.000000,2.000000,4.000000,5.000000,8.000000,11.000000,14.200000,39.000000
row244,16,21,1,6,1,1,1,1,1,1,1,1,3279,52.000000,1.000000,1.000000,2.000000,2.000000,2.000000,4.000000,5.000000,9.000000,16.000000,19.000000,44.000000
row245,21,21,1,6,1,1,1,1,1,1,1,1,3279,57.000000,1.000000,1.000000,2.000000,2.000000,2.000000,4.000000,5.000000,9.000000,21.000000,23.000000,49.000000
row246,25,21,1,6,1,1,1,1,1,1,1,1,3279,61.000000,1.000000,1.000000,2.000000,2.000000,2.000000,4.000000,5.000000,9.000000,25.000000,27.000000,53.000000
row247,1,25,1,6,1,1,1,1,1,1,1,1,3119,41.000000,1.000000,1.000000,1.000000,2.000000,2.000000,2.000000,3.000000,4.000000,6.000000,8.000000,33.000000
row248,6,25,1,6,1,1,1,1,1,1,1,1,3279,46.000000,1.000000,1.000000,2.000000,2.000000,2.000000,4.000000,4.000000,6.000000,8.000000,10.000000,38.000000
row249,11,25,1,6,1,1,1,1,1,1,1,1,3279,51.000000,1.000000,1.000000,2.000000,2.000000,2.000000,4.000000,5.000000,8.000000,11.000000,14.200000,43.000000
row250,16,25,1,6,1,1,1,1,1,1,1,1,3279,56.000000,1.000000,1.000000,2.000000,2.000000,2.000000,4.000000,5.000000,9.000000,16.000000,19.200000,48.000000
row251,21,25,1,6,1,1,1,1,1,1,1,1,3279,61.000000,1.000000,1.000000,2.000000,2.000000,2.000000,4.000000,5.000000,9.000000,21.000000,24.000000,53.000000
row252,25,25,1,6,1,1,1,1,1,1,1,1,3279,65.000000,1.000000,1.000000,2.000000,2.000000,2.000000,4.000000,5.000000,9.000000,25.000000,27.000000,57.000000
row253,1,1,6,6,1,1,1,1,1,1,1,1,3271,22.000000,1.000000,1.000000,1.000000,2.000000,2.000000,3.000000,4.000000,5.000000,6.000000,8.000000,16.000000
row254,6,1,6,6,1,1,1,1,1,1,1,1,3425,27.000000,1.000000,1.000000,2.000000,2.000000,3.000000,4.000000,6.000000,6.000000,8.000000,8.000000,20.000000
row255,11,1,6,6,1,1,1,1,1,1,1,1,3425,32.000000,1.000000,1.000000,2.000000,2.000000,3.000000,4.000000,6.000000,8.000000,11.000000,13.000000,25.000000
row256,16,1,6,6,1,1,1,1,1,1,1,1,3425,37.000000,1.000000,1.000000,2.000000,2.000000,3.000000,4.000000,6.000000,8.000000,15.000000,18.000000,30.000000
row257,21,1,6,6,1,1,1,1,1,1,1,1,3425,42.000000,1.000000,1.000000,2.000000,2.000000,3.000000,4.000000,6.000000,8.000000,20.000000,23.000000,35.000000
row258,25,1,6,6,1,1,1,1,1,1,1,1,3425,46.000000,1.000000,1.000000,2.000000,2.000000,3.000000,4.000000,6.000000,8.000000,24.000000,27.000000,39.000000
row259,1,6,6,6,1,1,1,1,1,1,1,1,3290,27.000000,1.000000,1.000000,2.000000,2.000000,2.000000,3.000000,4.000000,5.000000,6.000000,8.000000,16.000000
row260,6,6,6,6,1,1,1,1,1,1,1,1,3444,32.000000,1.000000,1.000000,2.000000,2.000000,3.000000,4.000000,6.000000,6.000000,8.000000,10.000000,20.000000
row261,11,6,6,6,1,1,1,1,1,1,1,1,3444,37.000000,1.000000,1.000000,2.000000,2.000000,4.000000,4.500000,6.000000,8.000000,11.000000,13.000000,25.000000
row262,16,6,6,6,1,1,1,1,1,1,1,1,3444,42.000000,1.000000,1.000000,2.000000,2.000000,4.000000,4.500000,6.000000,8.000000,15.000000,18.000000,30.000000
row263,21,6,6,6,1,1,1,1,1,1,1,1,3444,47.000000,1.000000,1.000000,2.000000,2.000000,4.000000,4.500000,6.000000,8.000000,19.000000,23.000000,35.000000
row264,25,6,6,6,1,1,1,1,1,1,1,1,3444,51.000000,1.000000,1.000000,2.000000,2.000000,4.000000,4.500000,6.000000,8.000000,23.000000,27.000000,39.000000
row265,1,11,6,6,1,1,1,1,1,1,1,1,3290,32.000000,1.000000,1.000000,2.000000,2.000000,2.000000,3.000000,4.000000,5.000000,7.000000,10.000000,19.000000
row266,6,11,6,6,1,1,1,1,1,1,1,1,3444,37.000000,1.000000,1.000000,2.000000,2.000000,4.000000,4.000000,6.000000,6.000000,8.000000,10.000000,24.000000
row267,11,11,6,6,1,1,1,1,1,1,1,1,3444,42.000000,1.000000,1.000000,2.000000,2.000000,4.000000,5.000000,6.000000,8.000000,11.000000,13.000000,29.000000
row268,16,11,6,6,1,1,1,1,1,1,1,1,3444,47.000000,1.000000,1.000000,2.000000,2.000000,4.000000,5.000000,6.000000,9.000000,15.400000,18.000000,34.000000
row269,21,11,6,6,1,1,1,1,1,1,1,1,3444,52.000000,1.000000,1.000000,2.000000,2.000000,4.000000,5.000000,6.000000,9.000000,19.000000,23.000000,39.000000
row270,25,11,6,6,1,1,1,1,1,1,1,1,3444,56.000000,1.000000,1.000000,2.000000,2.000000,4.000000,5.000000,6.000000,9.000000,23.000000,27.000000,43.000000
row271,1,16,6,6,1,1,1,1,1,1,1,1,3290,37.000000,1.000000,1.000000,2.000000,2.000000,2.000000,3.000000,4.000000,5.000000,7.000000,10.000000,24.000000
row272,6,16,6,6,1,1,1,1,1,1,1,1,3444,42.000000,1.000000,1.000000,2.000000,2.000000,4.000000,4.000000,6.000000,6.000000,8.000000,11.000000,29.000000
row273,11,16,6,6,1,1,1,1,1,1,1,1,3444,47.000000,1.000000,1.000000,2.000000,2.000000,4.000000,5.000000,6.000000,8.000000,11.000000,15.000000,34.000000
row274,16,16,6,6,1,1,1,1,1,1,1,1,3444,52.000000,1.000000,1.000000,2.000000,2.000000,4.000000,5.000000,6.000000,10.000000,16.000000,18.000000,39.000000
row275,21,16,6,6,1,1,1,1,1,1,1,1,3444,57.000000,1.000000,1.000000,2.000000,2.000000,4.000000,5.000000,6.000000,10.000000,20.000000,23.000000,44.000000
row276,25,16,6,6,1,1,1,1,1,1,1,1,3444,61.000000,1.000000,1.000000,2.000000,2.000000,4.000000,5.000000,6.000000,10.000000,24.000000,27.000000,48.000000
row277,1,21,6,6,1,1,1,1,1,1,1,1,3290,42.000000,1.000000,1.000000,2.000000,2.000000,2.000000,3.000000,4.000000,5.000000,7.000000,10.000000,29.000000
row278,6,21,6,6,1,1,1,1,1,1,1,1,3444,47.000000,1.000000,1.000000,2.000000,2.000000,4.000000,4.000000,6.000000,6.000000,8.000000,11.000000,34.000000
row279,11,21,6,6,1,1,1,1,1,1,1,1,3444,52.000000,1.000000,1.000000,2.000000,2.000000,4.000000,5.000000,6.000000,8.000000,11.000000,15.000000,39.000000
row280,16,21,6,6,1,1,1,1,1,1,1,1,3444,57.000000,1.000000,1.000000,2.000000,2.000000,4.000000,5.000000,6.000000,10.000000,16.000000,19.000000,44.000000
row281,21,21,6,6,1,1,1,1,1,1,1,1,3444,62.000000,1.000000,1.000000,2.000000,2.000000,4.000000,5.000000,6.000000,10.000000,21.000000,23.000000,49.000000
row282,25,21,6,6,1,1,1,1,1,1,1,1,3444,66.000000,1.000000,1.000000,2.000000,2.000000,4.000000,5.000000,6.000000,10.000000,24.000000,27.000000,53.000000
row283,1,25,6,6,1,1,1,1,1,1,1,1,3290,46.000000,1.000000,1.000000,2.000000,2.000000,2.000000,3.000000,4.000000,5.000000,7.000000,10.000000,33.000000
row284,6,25,6,6,1,1,1,1,1,1,1,1,3444,51.000000,1.000000,1.000000,2.000000,2.000000,4.000000,4.000000,6.000000,6.000000,8.000000,11.000000,38.000000
row285,11,25,6,6,1,1,1,1,1,1,1,1,3444,56.000000,1.000000,1.000000,2.000000,2.000000,4.000000,5.000000,6.000000,8.000000,11.000000,15.000000,43.000000
row286,16,25,6,6,1,1,1,1,1,1,1,1,3444,61.000000,1.000000,1.000000,2.000000,2.000000,4.000000,5.000000,6.000000,10.000000,16.000000,20.000000,48.000000
row287,21,25,6,6,1,1,1,1,1,1,1,1,3444,66.000000,1.000000,1.000000,2.000000,2.000000,4.000000,5.000000,6.000000,10.000000,21.000000,24.000000,53.000000
row288,25,25,6,6,1,1,1,1,1,1,1,1,3444,70.000000,1.000000,1.000000,2.000000,2.000000,4.000000,5.000000,6.000000,10.000000,25.000000,27.000000,57.000000
row289,1,1,11,6,1,1,1,1,1,1,1,1,3271,27.000000,1.000000,1.000000,1.000000,2.000000,2.000000,3.000000,4.000000,5.000000,8.000000,11.000000,21.000000
row290,6,1,11,6,1,1,1,1,1,1,1,1,3425,32.000000,1.000000,1.000000,2.000000,2.000000,3.000000,4.000000,6.000000,8.000000,9.000000,12.000000,25.000000
row291,11,1,11,6,1,1,1,1,1,1,1,1,3425,37.000000,1.000000,1.000000,2.000000,2.000000,4.000000,5.000000,8.000000,11.000000,11.000000,13.000000,30.000000
row292,16,1,11,6,1,1,1,1,1,1,1,1,3425,42.000000,1.000000,1.000000,2.000000,2.000000,4.000000,5.000000,9.000000,12.000000,16.000000,18.000000,35.000000
row293,21,1,11,6,1,1,1,1,1,1,1,1,3425,47.000000,1.000000,1.000000,2.000000,2.000000,4.000000,5.000000,9.000000,13.000000,20.000000,23.000000,40.000000
row294,25,1,11,6,1,1,1,1,1,1,1,1,3425,51.000000,1.000000,1.000000,2.000000,2.000000,4.000000,5.000000,9.000000,13.000000,24.000000,27.000000,44.000000
row295,1,6,11,6,1,1,1,1,1,1,1,1,3290,32.000000,1.000000,1.000000,2.000000,2.000000,2.000000,3.000000,4.000000,6.000000,9.000000,11.000000,21.000000
row296,6,6,11,6,1,1,1,1,1,1,1,1,3444,37.000000,1.000000,1.000000,2.000000,2.000000,4.000000,4.000000,6.000000,8.000000,10.000000,13.000000,25.000000
row297,11,6,11,6,1,1,1,1,1,1,1,1,3444,42.000000,1.000000,1.000000,2.000000,2.000000,4.000000,6.000000,8.000000,11.000000,12.000000,14.000000,30.000000
row298,16,6,11,6,1,1,1,1,1,1,1,1,3444,47.000000,1.000000,1.000000,2.000000,2.000000,4.000000,6.000000,9.000000,12.000000,16.000000,18.000000,35.000000
row299,21,6,11,6,1,1,1,1,1,1,1,1,3444,52.000000,1.000000,1.000000,2.000000,2.000000,4.000000,6.000000,9.000000,13.000000,20.000000,23.000000,40.000000
row300,25,6,11,6,1,1,1,1,1,1,1,1,3444,56.000000,1.000000,1.000000,2.000000,2.000000,4.000000,6.000000,9.000000,13.000000,23.000000,27.000000,44.000000
row301,1,11,11,6,1,1,1,1,1,1,1,1,3290,37.000000,1.000000,1.000000,2.000000,2.000000,2.000000,3.000000,4.000000,7.000000,10.000000,13.000000,24.000000
row302,6,11,11,6,1,1,1,1,1,1,1,1,3444,42.000000,1.000000,1.000000,2.000000,2.000000,4.000000,4.000000,6.000000,8.000000,10.000000,13.000000,25.000000
row303,11,11,11,6,1,1,1,1,1,1,1,1,3444,47.000000,1.000000,1.000000,2.000000,2.000000,4.000000,6.000000,9.000000,11.000000,12.000000,14.000000,30.000000
row304,16,11,11,6,1,1,1,1,1,1,1,1,3444,52.000000,1.000000,1.000000,2.000000,2.000000,4.000000,6.000000,10.000000,13.000000,16.000000,18.000000,35.000000
row305,21,11,11,6,1,1,1,1,1,1,1,1,3444,57.000000,1.000000,1.000000,2.000000,2.000000,4.000000,6.000000,10.000000,13.000000,20.000000,23.000000,40.000000
row306,25,11,11,6,1,1,1,1,1,1,1,1,3444,61.000000,1.000000,1.000000,2.000000,2.000000,4.000000,6.000000,10.000000,13.000000,23.000000,27.000000,44.000000
row307,1,16,11,6,1,1,1,1,1,1,1,1,3290,42.000000,1.000000,1.000000,2.000000,2.000000,2.000000,3.000000,4.000000,7.000000,10.000000,13.000000,29.000000
row308,6,16,11,6,1,1,1,1,1,1,1,1,3444,47.000000,1.000000,1.000000,2.000000,2.000000,4.000000,4.000000,6.000000,8.000000,10.000000,14.000000,29.000000
row309,11,16,11,6,1,1,1,1,1,1,1,1,3444,52.000000,1.000000,1.000000,2.000000,2.000000,4.000000,6.000000,9.000000,11.000000,13.000000,15.000000,34.000000
row310,16,16,11,6,1,1,1,1,1,1,1,1,3444,57.000000,1.000000,1.000000,2.000000,2.000000,4.000000,6.000000,10.000000,13.000000,16.000000,18.000000,39.000000
row311,21,16,11,6,1,1,1,1,1,1,1,1,3444,62.000000,1.000000,1.000000,2.000000,2.000000,4.000000,6.000000,10.000000,13.100000,20.400000,23.000000,44.000000
row312,25,16,11,6,1,1,1,1,1,1,1,1,3444,66.000000,1.000000,1.000000,2.000000,2.000000,4.000000,6.000000,10.000000,13.100000,24.000000,27.000000,48.000000
row313,1,21,11,6,1,1,1,1,1,1,1,1,3290,47.000000,1.000000,1.000000,2.000000,2.000000,2.000000,3.000000,4.000000,7.000000,10.000000,13.100000,34.000000
row314,6,21,11,6,1,1,1,1,1,1,1,1,3444,52.000000,1.000000,1.000000,2.000000,2.000000,4.000000,4.000000,6.000000,8.000000,10.000000,14.000000,34.000000
row315,11,21,11,6,1,1,1,1,1,1,1,1,3444,57.000000,1.000000,1.000000,2.000000,2.000000,4.000000,6.000000,9.000000,11.000000,13.000000,16.000000,39.000000
row316,16,21,11,6,1,1,1,1,1,1,1,1,3444,62.000000,1.000000,1.000000,2.000000,2.000000,4.000000,6.000000,10.000000,13.000000,16.000000,20.000000,44.000000
row317,21,21,11,6,1,1,1,1,1,1,1,1,3444,67.000000,1.000000,1.000000,2.000000,2.000000,4.000000,6.000000,10.000000,14.000000,21.000000,23.000000,49.000000
row318,25,21,11,6,1,1,1,1,1,1,1,1,3444,71.000000,1.000000,1.000000,2.000000,2.000000,4.000000,6.000000,10.000000,14.000000,24.000000,27.000000,53.000000
row319,1,25,11,6,1,1,1,1,1,1,1,1,3290,51.000000,1.000000,1.000000,2.000000,2.000000,2.000000,3.000000,4.000000,7.000000,10.000000,13.100000,38.000000
row320,6,25,11,6,1,1,1,1,1,1,1,1,3444,56.000000,1.000000,1.000000,2.000000,2.000000,4.000000,4.000000,6.000000,8.000000,10.000000,14.000000,38.000000
row321,11,25,11,6,1,1,1,1,1,1,1,1,3444,61.000000,1.000000,1.000000,2.000000,2.000000,4.000000,6.000000,9.000000,11.000000,13.000000,16.000000,43.000000
row322,16,25,11,6,1,1,1,1,1,1,1,1,3444,66.000000,1.000000,1.000000,2.000000,2.000000,4.000000,6.000000,10.000000,13.000000,16.000000,20.000000,48.000000
row323,21,25,11,6,1,1,1,1,1,1,1,1,3444,71.000000,1.000000,1.000000,2.000000,2.000000,4.000000,6.000000,10.000000,14.000000,21.000000,24.000000,53.000000
row324,25,25,11,6,1,1,1,1,1,1,1,1,3444,75.000000,1.000000,1.000000,2.000000,2.000000,4.000000,6.000000,10.000000,14.000000,25.000000,27.000000,57.000000
row325,1,1,16,6,1,1,1,1,1,1,1,1,3271,32.000000,1.000000,1.000000,1.000000,2.000000,2.000000,3.000000,4.000000,5.000000,9.000000,16.000000,26.000000
row326,6,1,16,6,1,1,1,1,1,1,1,1,3425,37.000000,1.000000,1.000000,2.000000,2.000000,3.000000,4.000000,6.000000,8.000000,10.000000,16.000000,30.000000
row327,11,1,16,6,1,1,1,1,1,1,1,1,3425,42.000000,1.000000,1.000000,2.000000,2.000000,4.000000,5.000000,9.000000,11.000000,14.000000,17.000000,35.000000
row328,16,1,16,6,1,1,1,1,1,1,1,1,3425,47.000000,1.000000,1.000000,2.000000,2.000000,4.000000,5.000000,12.000000,16.000000,16.000000,18.000000,40.000000
row329,21,1,16,6,1,1,1,1,1,1,1,1,3425,52.000000,1.000000,1.000000,2.000000,2.000000,4.000000,5.000000,12.000000,17.000000,21.000000,23.000000,45.000000
row330,25,1,16,6,1,1,1,1,1,1,1,1,3425,56.000000,1.000000,1.000000,2.000000,2.000000,4.000000,5.000000,12.000000,18.000000,25.000000,27.000000,49.000000
row331,1,6,16,6,1,1,1,1,1,1,1,1,3290,37.000000,1.000000,1.000000,2.000000,2.000000,2.000000,3.000000,4.000000,6.000000,10.000000,16.000000,26.000000
row332,6,6,16,6,1,1,1,1,1,1,1,1,3444,42.000000,1.000000,1.000000,2.000000,2.000000,4.000000,4.000000,6.000000,8.000000,13.000000,16.000000,30.000000
row333,11,6,16,6,1,1,1,1,1,1,1,1,3444,47.000000,1.000000,1.000000,2.000000,2.000000,4.000000,6.000000,9.000000,11.000000,14.400000,18.000000,35.000000
row334,16,6,16,6,1,1,1,1,1,1,1,1,3444,52.000000,1.000000,1.000000,2.000000,2.000000,4.000000,6.000000,12.000000,16.000000,17.000000,19.000000,40.000000
row335,21,6,16,6,1,1,1,1,1,1,1,1,3444,57.000000,1.000000,1.000000,2.000000,2.000000,4.000000,6.000000,12.000000,17.000000,21.000000,23.000000,45.000000
row336,25,6,16,6,1,1,1,1,1,1,1,1,3444,61.000000,1.000000,1.000000,2.000000,2.000000,4.000000,6.000000,12.000000,18.000000,25.000000,27.000000,49.000000
row337,1,11,16,6,1,1,1,1,1,1,1,1,3290,42.000000,1.000000,1.000000,2.000000,2.000000,2.000000,3.000000,4.000000,7.000000,13.000000,16.000000,29.000000
row338,6,11,16,6,1,1,1,1,1,1,1,1,3444,47.000000,1.000000,1.000000,2.000000,2.000000,4.000000,4.000000,6.000000,8.000000,14.000000,17.000000,30.000000
row339,11,11,16,6,1,1,1,1,1,1,1,1,3444,52.000000,1.000000,1.000000,2.000000,2.000000,4.000000,6.000000,9.000000,12.000000,15.000000,18.000000,35.000000
row340,16,11,16,6,1,1,1,1,1,1,1,1,3444,57.000000,1.000000,1.000000,2.000000,2.000000,4.000000,6.000000,12.000000,16.000000,17.000000,19.000000,40.000000
row341,21,11,16,6,1,1,1,1,1,1,1,1,3444,62.000000,1.000000,1.000000,2.000000,2.000000,4.000000,6.000000,13.000000,17.000000,21.000000,23.000000,45.000000
row342,25,11,16,6,1,1,1,1,1,1,1,1,3444,66.000000,1.000000,1.000000,2.000000,2.000000,4.000000,6.000000,13.000000,18.000000,25.000000,27.000000,49.000000
row343,1,16,16,6,1,1,1,1,1,1,1,1,3290,47.000000,1.000000,1.000000,2.000000,2.000000,2.000000,3.000000,4.000000,7.000000,15.000000,18.000000,34.000000
row344,6,16,16,6,1,1,1,1,1,1,1,1,3444,52.000000,1.000000,1.000000,2.000000,2.000000,4.000000,4.000000,6.000000,8.000000,14.000000,18.000000,34.000000
row345,11,16,16,6,1,1,1,1,1,1,1,1,3444,57.000000,1.000000,1.000000,2.000000,2.000000,4.000000,6.000000,9.000000,13.000000,15.000000,18.000000,35.000000
row346,16,16,16,6,1,1,1,1,1,1,1,1,3444,62.000000,1.000000,1.000000,2.000000,2.000000,4.000000,6.000000,14.000000,16.000000,17.000000,19.000000,40.000000
row347,21,16,16,6,1,1,1,1,1,1,1,1,3444,67.000000,1.000000,1.000000,2.000000,2.000000,4.000000,6.000000,14.000000,18.000000,21.000000,23.000000,45.000000
row348,25,16,16,6,1,1,1,1,1,1,1,1,3444,71.000000,1.000000,1.000000,2.000000,2.000000,4.000000,6.000000,14.000000,18.000000,25.000000,27.000000,49.000000
row349,1,21,16,6,1,1,1,1,1,1,1,1,3290,52.000000,1.000000,1.000000,2.000000,2.000000,2.000000,3.000000,4.000000,7.000000,15.000000,18.000000,39.000000
row350,6,21,16,6,1,1,1,1,1,1,1,1,3444,57.000000,1.000000,1.000000,2.000000,2.000000,4.000000,4.000000,6.000000,8.000000,15.000000,18.000000,39.000000
row351,11,21,16,6,1,1,1,1,1,1,1,1,3444,62.000000,1.000000,1.000000,2.000000,2.000000,4.000000,6.000000,9.000000,13.000000,15.000000,19.000000,39.000000
row352,16,21,16,6,1,1,1,1,1,1,1,1,3444,67.000000,1.000000,1.000000,2.000000,2.000000,4.000000,6.000000,14.000000,16.000000,18.000000,20.000000,44.000000
row353,21,21,16,6,1,1,1,1,1,1,1,1,3444,72.000000,1.000000,1.000000,2.000000,2.000000,4.000000,6.000000,14.000000,18.000000,21.000000,23.000000,49.000000
row354,25,21,16,6,1,1,1,1,1,1,1,1,3444,76.000000,1.000000,1.000000,2.000000,2.000000,4.000000,6.000000,14.000000,18.100000,25.000000,27.000000,53.000000
row355,1,25,16,6,1,1,1,1,1,1,1,1,3290,56.000000,1.000000,1.000000,2.000000,2.000000,2.000000,3.000000,4.000000,7.000000,15.000000,18.100000,43.000000
row356,6,25,16,6,1,1,1,1,1,1,1,1,3444,61.000000,1.000000,1.000000,2.000000,2.000000,4.000000,4.000000,6.000000,8.000000,15.000000,18.000000,43.000000
row357,11,25,16,6,1,1,1,1,1,1,1,1,3444,66.000000,1.000000,1.000000,2.000000,2.000000,4.000000,6.000000,9.000000,13.000000,15.000000,19.000000,43.000000
row358,16,25,16,6,1,1,1,1,1,1,1,1,3444,71.000000,1.000000,1.000000,2.000000,2.000000,4.000000,6.000000,14.000000,16.000000,18.000000,21.000000,48.000000
row359,21,25,16,6,1,1,1,1,1,1,1,1,3444,76.000000,1.000000,1.000000,2.000000,2.000000,4.000000,6.000000,14.000000,18.000000,21.000000,24.000000,53.000000
row360,25,25,16,6,1,1,1,1,1,1,1,1,3444,80.000000,1.000000,1.000000,2.000000,2.000000,4.000000,6.000000,14.000000,19.000000,25.000000,27.000000,57.000000
row361,1,1,21,6,1,1,1,1,1,1,1,1,3271,37.000000,1.000000,1.000000,1.000000,2.000000,2.000000,3.000000,4.000000,5.000000,9.000000,21.000000,31.000000
row362,6,1,21,6,1,1,1,1,1,1,1,1,3425,42.000000,1.000000,1.000000,2.000000,2.000000,3.000000,4.000000,6.000000,8.000000,10.000000,21.000000,35.000000
row363,11,1,21,6,1,1,1,1,1,1,1,1,3425,47.000000,1.000000,1.000000,2.000000,2.000000,4.000000,5.000000,9.000000,11.000000,15.000000,21.000000,40.000000
row364,16,1,21,6,1,1,1,1,1,1,1,1,3425,52.000000,1.000000,1.000000,2.000000,2.000000,4.000000,5.000000,12.000000,16.000000,19.000000,22.000000,45.000000
row365,21,1,21,6,1,1,1,1,1,1,1,1,3425,57.000000,1.000000,1.000000,2.000000,2.000000,4.000000,5.000000,17.000000,21.000000,21.000000,23.000000,50.000000
row366,25,1,21,6,1,1,1,1,1,1,1,1,3425,61.000000,1.000000,1.000000,2.000000,2.000000,4.000000,5.000000,17.000000,22.000000,25.000000,27.000000,54.000000
row367,1,6,21,6,1,1,1,1,1,1,1,1,3290,42.000000,1.000000,1.000000,2.000000,2.000000,2.000000,3.000000,4.000000,6.000000,10.000000,21.000000,31.000000
row368,6,6,21,6,1,1,1,1,1,1,1,1,3444,47.000000,1.000000,1.000000,2.000000,2.000000,4.000000,4.000000,6.000000,8.000000,13.000000,21.000000,35.000000
row369,11,6,21,6,1,1,1,1,1,1,1,1,3444,52.000000,1.000000,1.000000,2.000000,2.000000,4.000000,6.000000,9.000000,11.000000,17.000000,21.000000,40.000000
row370,16,6,21,6,1,1,1,1,1,1,1,1,3444,57.000000,1.000000,1.000000,2.000000,2.000000,4.000000,6.000000,12.000000,16.000000,19.400000,23.000000,45.000000
row371,21,6,21,6,1,1,1,1,1,1,1,1,3444,62.000000,1.000000,1.000000,2.000000,2.000000,4.000000,6.000000,16.400000,21.000000,22.000000,24.000000,50.000000
row372,25,6,21,6,1,1,1,1,1,1,1,1,3444,66.000000,1.000000,1.000000,2.000000,2.000000,4.000000,6.000000,16.400000,22.000000,25.000000,27.000000,54.000000
row373,1,11,21,6,1,1,1,1,1,1,1,1,3290,47.000000,1.000000,1.000000,2.000000,2.000000,2.000000,3.000000,4.000000,7.000000,13.000000,21.000000,34.000000
row374,6,11,21,6,1,1,1,1,1,1,1,1,3444,52.000000,1.000000,1.000000,2.000000,2.000000,4.000000,4.000000,6.000000,8.000000,16.000000,21.000000,35.000000
row375,11,11,21,6,1,1,1,1,1,1,1,1,3444,57.000000,1.000000,1.000000,2.000000,2.000000,4.000000,6.000000,9.000000,12.000000,18.000000,22.000000,40.000000
row376,16,11,21,6,1,1,1,1,1,1,1,1,3444,62.000000,1.000000,1.000000,2.000000,2.000000,4.000000,6.000000,12.000000,16.000000,19.400000,23.000000,45.000000
row377,21,11,21,6,1,1,1,1,1,1,1,1,3444,67.000000,1.000000,1.000000,2.000000,2.000000,4.000000,6.000000,17.000000,21.000000,22.000000,24.000000,50.000000
row378,25,11,21,6,1,1,1,1,1,1,1,1,3444,71.000000,1.000000,1.000000,2.000000,2.000000,4.000000,6.000000,17.000000,22.000000,25.000000,27.000000,54.000000
row379,1,16,21,6,1,1,1,1,1,1,1,1,3290,52.000000,1.000000,1.000000,2.000000,2.000000,2.000000,3.000000,4.000000,7.000000,18.000000,21.000000,39.000000
row380,6,16,21,6,1,1,1,1,1,1,1,1,3444,57.000000,1.000000,1.000000,2.000000,2.000000,4.000000,4.000000,6.000000,8.000000,18.000000,22.000000,39.000000
row381,11,16,21,6,1,1,1,1,1,1,1,1,3444,62.000000,1.000000,1.000000,2.000000,2.000000,4.000000,6.000000,9.000000,13.000000,19.000000,23.000000,40.000000
row382,16,16,21,6,1,1,1,1,1,1,1,1,3444,67.000000,1.000000,1.000000,2.000000,2.000000,4.000000,6.000000,14.000000,17.000000,20.000000,23.000000,45.000000
row383,21,16,21,6,1,1,1,1,1,1,1,1,3444,72.000000,1.000000,1.000000,2.000000,2.000000,4.000000,6.000000,17.000000,21.000000,22.000000,24.000000,50.000000
row384,25,16,21,6,1,1,1,1,1,1,1,1,3444,76.000000,1.000000,1.000000,2.000000,2.000000,4.000000,6.000000,18.000000,22.000000,25.000000,27.000000,54.000000
row385,1,21,21,6,1,1,1,1,1,1,1,1,3290,57.000000,1.000000,1.000000,2.000000,2.000000,2.000000,3.000000,4.000000,7.000000,20.000000,23.000000,44.000000
row386,6,21,21,6,1,1,1,1,1,1,1,1,3444,62.000000,1.000000,1.000000,2.000000,2.000000,4.000000,4.000000,6.000000,8.000000,19.000000,23.000000,44.000000
row387,11,21,21,6,1,1,1,1,1,1,1,1,3444,67.000000,1.000000,1.000000,2.000000,2.000000,4.000000,6.000000,9.000000,13.000000,19.000000,23.000000,44.000000
row388,16,21,21,6,1,1,1,1,1,1,1,1,3444,72.000000,1.000000,1.000000,2.000000,2.000000,4.000000,6.000000,14.000000,18.000000,20.000000,23.000000,45.000000
row389,21,21,21,6,1,1,1,1,1,1,1,1,3444,77.000000,1.000000,1.000000,2.000000,2.000000,4.000000,6.000000,19.000000,21.000000,22.000000,24.000000,50.000000
row390,25,21,21,6,1,1,1,1,1,1,1,1,3444,81.000000,1.000000,1.000000,2.000000,2.000000,4.000000,6.000000,19.000000,22.100000,25.000000,27.000000,54.000000
row391,1,25,21,6,1,1,1,1,1,1,1,1,3290,61.000000,1.000000,1.000000,2.000000,2.000000,2.000000,3.000000,4.000000,7.000000,20.000000,23.000000,48.000000
row392,6,25,21,6,1,1,1,1,1,1,1,1,3444,66.000000,1.000000,1.000000,2.000000,2.000000,4.000000,4.000000,6.000000,8.000000,19.000000,23.000000,48.000000
row393,11,25,21,6,1,1,1,1,1,1,1,1,3444,71.000000,1.000000,1.000000,2.000000,2.000000,4.000000,6.000000,9.000000,13.000000,20.000000,23.000000,48.000000
row394,16,25,21,6,1,1,1,1,1,1,1,1,3444,76.000000,1.000000,1.000000,2.000000,2.000000,4.000000,6.000000,14.000000,18.000000,20.000000,24.000000,48.000000
row395,21,25,21,6,1,1,1,1,1,1,1,1,3444,81.000000,1.000000,1.000000,2.000000,2.000000,4.000000,6.000000,19.000000,21.000000,23.000000,25.000000,53.000000
row396,25,25,21,6,1,1,1,1,1,1,1,1,3444,85.000000,1.000000,1.000000,2.000000,2.000000,4.000000,6.000000,19.000000,23.000000,25.000000,27.000000,57.000000
row397,1,1,25,6,1,1,1,1,1,1,1,1,3271,41.000000,1.000000,1.000000,1.000000,2.000000,2.000000,3.000000,4.000000,5.000000,9.000000,25.000000,35.000000
row398,6,1,25,6,1,1,1,1,1,1,1,1,3425,46.000000,1.000000,1.000000,2.000000,2.000000,3.000000,4.000000,6.000000,8.000000,10.000000,25.000000,39.000000
row399,11,1,25,6,1,1,1,1,1,1,1,1,3425,51.000000,1.000000,1.000000,2.000000,2.000000,4.000000,5.000000,9.000000,11.000000,15.000000,25.000000,44.000000
row400,16,1,25,6,1,1,1,1,1,1,1,1,3425,56.000000,1.000000,1.000000,2.000000,2.000000,4.000000,5.000000,12.000000,16.000000,20.000000,25.000000,49.000000
row401,21,1,25,6,1,1,1,1,1,1,1,1,3425,61.000000,1.000000,1.000000,2.000000,2.000000,4.000000,5.000000,17.000000,21.000000,23.000000,26.000000,54.000000
row402,25,1,25,6,1,1,1,1,1,1,1,1,3425,65.000000,1.000000,1.000000,2.000000,2.000000,4.000000,5.000000,21.000000,25.000000,25.000000,27.000000,58.000000
row403,1,6,25,6,1,1,1,1,1,1,1,1,3290,46.000000,1.000000,1.000000,2.000000,2.000000,2.000000,3.000000,4.000000,6.000000,10.000000,25.000000,35.000000
row404,6,6,25,6,1,1,1,1,1,1,1,1,3444,51.000000,1.000000,1.000000,2.000000,2.000000,4.000000,4.000000,6.000000,8.000000,13.000000,25.000000,39.000000
row405,11,6,25,6,1,1,1,1,1,1,1,1,3444,56.000000,1.000000,1.000000,2.000000,2.000000,4.000000,6.000000,9.000000,11.000000,18.000000,25.000000,44.000000
row406,16,6,25,6,1,1,1,1,1,1,1,1,3444,61.000000,1.000000,1.000000,2.000000,2.000000,4.000000,6.000000,12.000000,16.000000,22.000000,25.000000,49.000000
row407,21,6,25,6,1,1,1,1,1,1,1,1,3444,66.000000,1.000000,1.000000,2.000000,2.000000,4.000000,6.000000,16.400000,21.000000,24.000000,27.000000,54.000000
row408,25,6,25,6,1,1,1,1,1,1,1,1,3444,70.000000,1.000000,1.000000,2.000000,2.000000,4.000000,6.000000,19.600000,25.000000,26.000000,28.000000,58.000000
row409,1,11,25,6,1,1,1,1,1,1,1,1,3290,51.000000,1.000000,1.000000,2.000000,2.000000,2.000000,3.000000,4.000000,7.000000,13.000000,25.000000,38.000000
row410,6,11,25,6,1,1,1,1,1,1,1,1,3444,56.000000,1.000000,1.000000,2.000000,2.000000,4.000000,4.000000,6.000000,8.000000,16.000000,25.000000,39.000000
row411,11,11,25,6,1,1,1,1,1,1,1,1,3444,61.000000,1.000000,1.000000,2.000000,2.000000,4.000000,6.000000,9.000000,12.000000,21.000000,25.000000,44.000000
row412,16,11,25,6,1,1,1,1,1,1,1,1,3444,66.000000,1.000000,1.000000,2.000000,2.000000,4.000000,6.000000,12.000000,16.000000,22.000000,26.000000,49.000000
row413,21,11,25,6,1,1,1,1,1,1,1,1,3444,71.000000,1.000000,1.000000,2.000000,2.000000,4.000000,6.000000,17.000000,21.000000,24.000000,27.000000,54.000000
row414,25,11,25,6,1,1,1,1,1,1,1,1,3444,75.000000,1.000000,1.000000,2.000000,2.000000,4.000000,6.000000,20.600000,25.000000,26.000000,28.000000,58.000000
row415,1,16,25,6,1,1,1,1,1,1,1,1,3290,56.000000,1.000000,1.000000,2.000000,2.000000,2.000000,3.000000,4.000000,7.000000,18.000000,25.000000,43.000000
row416,6,16,25,6,1,1,1,1,1,1,1,1,3444,61.000000,1.000000,1.000000,2.000000,2.000000,4.000000,4.000000,6.000000,8.000000,20.400000,25.000000,43.000000
row417,11,16,25,6,1,1,1,1,1,1,1,1,3444,66.000000,1.000000,1.000000,2.000000,2.000000,4.000000,6.000000,9.000000,13.000000,21.000000,26.000000,44.000000
row418,16,16,25,6,1,1,1,1,1,1,1,1,3444,71.000000,1.000000,1.000000,2.000000,2.000000,4.000000,6.000000,14.000000,17.000000,23.000000,27.000000,49.000000
row419,21,16,25,6,1,1,1,1,1,1,1,1,3444,76.000000,1.000000,1.000000,2.000000,2.000000,4.000000,6.000000,17.000000,21.000000,24.000000,27.000000,54.000000
row420,25,16,25,6,1,1,1,1,1,1,1,1,3444,80.000000,1.000000,1.000000,2.000000,2.000000,4.000000,6.000000,21.000000,25.000000,26.000000,28.000000,58.000000
row421,1,21,25,6,1,1,1,1,1,1,1,1,3290,61.000000,1.000000,1.000000,2.000000,2.000000,2.000000,3.000000,4.000000,7.000000,23.000000,25.000000,48.000000
row422,6,21,25,6,1,1,1,1,1,1,1,1,3444,66.000000,1.000000,1.000000,2.000000,2.000000,4.000000,4.000000,6.000000,8.000000,22.000000,26.000000,48.000000
row423,11,21,25,6,1,1,1,1,1,1,1,1,3444,71.000000,1.000000,1.000000,2.000000,2.000000,4.000000,6.000000,9.000000,13.000000,22.000000,27.000000,48.000000
row424,16,21,25,6,1,1,1,1,1,1,1,1,3444,76.000000,1.000000,1.000000,2.000000,2.000000,4.000000,6.000000,14.000000,18.000000,23.000000,27.000000,49.000000
row425,21,21,25,6,1,1,1,1,1,1,1,1,3444,81.000000,1.000000,1.000000,2.000000,2.000000,4.000000,6.000000,19.000000,22.000000,24.000000,27.000000,54.000000
row426,25,21,25,6,1,1,1,1,1,1,1,1,3444,85.000000,1.000000,1.000000,2.000000,2.000000,4.000000,6.000000,21.000000,25.000000,26.000000,28.000000,58.000000
row427,1,25,25,6,1,1,1,1,1,1,1,1,3290,65.000000,1.000000,1.000000,2.000000,2.000000,2.000000,3.000000,4.000000,7.000000,24.000000,27.000000,52.000000
row428,6,25,25,6,1,1,1,1,1,1,1,1,3444,70.000000,1.000000,1.000000,2.000000,2.000000,4.000000,4.000000,6.000000,8.000000,23.000000,27.000000,52.000000
row429,11,25,25,6,1,1,1,1,1,1,1,1,3444,75.000000,1.000000,1.000000,2.000000,2.000000,4.000000,6.000000,9.000000,13.000000,23.000000,27.000000,52.000000
row430,16,25,25,6,1,1,1,1,1,1,1,1,3444,80.000000,1.000000,1.000000,2.000000,2.000000,4.000000,6.000000,14.000000,18.000000,24.000000,27.000000,52.000000
row431,21,25,25,6,1,1,1,1,1,1,1,1,3444,85.000000,1.000000,1.000000,2.000000,2.000000,4.000000,6.000000,19.000000,22.000000,25.000000,27.000000,54.000000
row432,25,25,25,6,1,1,1,1,1,1,1,1,3444,89.000000,1.000000,1.000000,2.000000,2.000000,4.000000,6.000000,23.000000,25.000000,26.000000,28.000000,58.000000
row433,1,1,1,11,1,1,1,1,1,1,1,1,3100,22.000000,1.000000,1.000000,1.000000,2.000000,2.000000,2.000000,3.000000,4.000000,6.000000,11.000000,17.000000
row434,6,1,1,11,1,1,1,1,1,1,1,1,3260,27.000000,1.000000,1.000000,2.000000,2.000000,2.000000,3.000000,4.000000,6.000000,9.000000,11.000000,22.000000
row435,11,1,1,11,1,1,1,1,1,1,1,1,3260,32.000000,1.000000,1.000000,2.000000,2.000000,2.000000,4.000000,9.000000,11.000000,11.000000,13.000000,27.000000
row436,16,1,1,11,1,1,1,1,1,1,1,1,3260,37.000000,1.000000,1.000000,2.000000,2.000000,2.000000,4.000000,9.000000,12.000000,16.000000,18.000000,32.000000
row437,21,1,1,11,1,1,1,1,1,1,1,1,3260,42.000000,1.000000,1.000000,2.000000,2.000000,2.000000,4.000000,9.000000,13.000000,21.000000,23.000000,37.000000
row438,25,1,1,11,1,1,1,1,1,1,1,1,3260,46.000000,1.000000,1.000000,2.000000,2.000000,2.000000,4.000000,9.000000,13.000000,25.000000,27.000000,41.000000
row439,1,6,1,11,1,1,1,1,1,1,1,1,3119,27.000000,1.000000,1.000000,1.000000,2.000000,2.000000,2.000000,3.000000,4.000000,8.000000,11.000000,19.000000
row440,6,6,1,11,1,1,1,1,1,1,1,1,3279,32.000000,1.000000,1.000000,2.000000,2.000000,2.000000,4.000000,5.000000,7.000000,9.000000,12.000000,24.000000
row441,11,6,1,11,1,1,1,1,1,1,1,1,3279,37.000000,1.000000,1.000000,2.000000,2.000000,2.000000,4.000000,8.800000,11.000000,12.000000,13.000000,29.000000
row442,16,6,1,11,1,1,1,1,1,1,1,1,3279,42.000000,1.000000,1.000000,2.000000,2.000000,2.000000,4.000000,9.000000,12.000000,16.000000,18.000000,34.000000
row443,21,6,1,11,1,1,1,1,1,1,1,1,3279,47.000000,1.000000,1.000000,2.000000,2.000000,2.000000,4.000000,9.000000,13.000000,21.000000,23.000000,39.000000
row444,25,6,1,11,1,1,1,1,1,1,1,1,3279,51.000000,1.000000,1.000000,2.000000,2.000000,2.000000,4.000000,9.000000,13.000000,25.000000,27.000000,43.000000
row445,1,11,1,11,1,1,1,1,1,1,1,1,3119,32.000000,1.000000,1.000000,1.000000,2.000000,2.000000,2.000000,3.000000,4.000000,10.000000,12.000000,24.000000
row446,6,11,1,11,1,1,1,1,1,1,1,1,3279,37.000000,1.000000,1.000000,2.000000,2.000000,2.000000,4.000000,6.000000,8.000000,10.000000,13.000000,29.000000
row447,11,11,1,11,1,1,1,1,1,1,1,1,3279,42.000000,1.000000,1.000000,2.000000,2.000000,2.000000,4.000000,9.000000,11.000000,12.000000,13.000000,34.000000
row448,16,11,1,11,1,1,1,1,1,1,1,1,3279,47.000000,1.000000,1.000000,2.000000,2.000000,2.000000,4.000000,10.000000,13.000000,16.000000,18.000000,39.000000
row449,21,11,1,11,1,1,1,1,1,1,1,1,3279,52.000000,1.000000,1.000000,2.000000,2.000000,2.000000,4.000000,10.000000,13.000000,21.000000,23.000000,44.000000
row450,25,11,1,11,1,1,1,1,1,1,1,1,3279,56.000000,1.000000,1.000000,2.000000,2.000000,2.000000,4.000000,10.000000,13.000000,25.000000,27.000000,48.000000
row451,1,16,1,11,1,1,1,1,1,1,1,1,3119,37.000000,1.000000,1.000000,1.000000,2.000000,2.000000,2.000000,3.000000,4.000000,10.000000,13.000000,29.000000
row452,6,16,1,11,1,1,1,1,1,1,1,1,3279,42.000000,1.000000,1.000000,2.000000,2.000000,2.000000,4.000000,6.000000,8.000000,10.000000,13.000000,34.000000
row453,11,16,1,11,1,1,1,1,1,1,1,1,3279,47.000000,1.000000,1.000000,2.000000,2.000000,2.000000,4.000000,9.000000,11.000000,13.000000,15.000000,39.000000
row454,16,16,1,11,1,1,1,1,1,1,1,1,3279,52.000000,1.000000,1.000000,2.000000,2.000000,2.000000,4.000000,10.000000,13.000000,16.000000,18.000000,44.000000
row455,21,16,1,11,1,1,1,1,1,1,1,1,3279,57.000000,1.000000,1.000000,2.000000,2.000000,2.000000,4.000000,10.000000,14.000000,21.000000,23.000000,49.000000
row456,25,16,1,11,1,1,1,1,1,1,1,1,3279,61.000000,1.000000,1.000000,2.000000,2.000000,2.000000,4.000000,10.000000,14.000000,25.000000,27.000000,53.000000
row457,1,21,1,11,1,1,1,1,1,1,1,1,3119,42.000000,1.000000,1.000000,1.000000,2.000000,2.000000,2.000000,3.000000,4.000000,10.000000,13.000000,34.000000
row458,6,21,1,11,1,1,1,1,1,1,1,1,3279,47.000000,1.000000,1.000000,2.000000,2.000000,2.000000,4.000000,6.000000,8.000000,10.000000,13.000000,39.000000
row459,11,21,1,11,1,1,1,1,1,1,1,1,3279,52.000000,1.000000,1.000000,2.000000,2.000000,2.000000,4.000000,9.000000,11.000000,13.000000,15.000000,44.000000
row460,16,21,1,11,1,1,1,1,1,1,1,1,3279,57.000000,1.000000,1.000000,2.000000,2.000000,2.000000,4.000000,10.000000,13.000000,16.000000,19.000000,49.000000
row461,21,21,1,11,1,1,1,1,1,1,1,1,3279,62.000000,1.000000,1.000000,2.000000,2.000000,2.000000,4.000000,10.000000,14.000000,21.000000,23.000000,54.000000
row462,25,21,1,11,1,1,1,1,1,1,1,1,3279,66.000000,1.000000,1.000000,2.000000,2.000000,2.000000,4.000000,10.000000,14.000000,25.000000,27.000000,58.000000
row463,1,25,1,11,1,1,1,1,1,1,1,1,3119,46.000000,1.000000,1.000000,1.000000,2.000000,2.000000,2.000000,3.000000,4.000000,10.000000,13.000000,38.000000
row464,6,25,1,11,1,1,1,1,1,1,1,1,3279,51.000000,1.000000,1.000000,2.000000,2.000000,2.000000,4.000000,6.000000,8.000000,10.000000,13.000000,43.000000
row465,11,25,1,11,1,1,1,1,1,1,1,1,3279,56.000000,1.000000,1.000000,2.000000,2.000000,2.000000,4.000000,9.000000,11.000000,13.000000,15.000000,48.000000
row466,16,25,1,11,1,1,1,1,1,1,1,1,3279,61.000000,1.000000,1.000000,2.000000,2.000000,2.000000,4.000000,10.000000,13.000000,16.000000,19.200000,53.000000
row467,21,25,1,11,1,1,1,1,1,1,1,1,3279,66.000000,1.000000,1.000000,2.000000,2.000000,2.000000,4.000000,10.000000,14.000000,21.000000,24.000000,58.000000
row468,25,25,1,11,1,1,1,1,1,1,1,1,3279,70.000000,1.000000,1.000000,2.000000,2.000000,2.000000,4.000000,10.000000,14.000000,25.000000,27.000000,62.000000
row469,1,1,6,11,1,1,1,1,1,1,1,1,3271,27.000000,1.000000,1.000000,1.000000,2.000000,2.000000,3.000000,4.000000,6.000000,9.000000,11.000000,21.000000
row470,6,1,6,11,1,1,1,1,1,1,1,1,3425,32.000000,1.000000,1.000000,2.000000,2.000000,3.000000,4.000000,6.000000,8.000000,9.000000,12.000000,25.000000
row471,11,1,6,11,1,1,1,1,1,1,1,1,3425,37.000000,1.000000,1.000000,2.000000,2.000000,3.000000,5.000000,8.000000,11.000000,11.000000,13.000000,30.000000
row472,16,1,6,11,1,1,1,1,1,1,1,1,3425,42.000000,1.000000,1.000000,2.000000,2.000000,3.000000,5.000000,9.000000,12.000000,16.000000,18.000000,35.000000
row473,21,1,6,11,1,1,1,1,1,1,1,1,3425,47.000000,1.000000,1.000000,2.000000,2.000000,3.000000,5.000000,9.000000,13.000000,20.000000,23.000000,40.000000
row474,25,1,6,11,1,1,1,1,1,1,1,1,3425,51.000000,1.000000,1.000000,2.000000,2.000000,3.000000,5.000000,9.000000,13.000000,24.000000,27.000000,44.000000
row475,1,6,6,11,1,1,1,1,1,1,1,1,3290,32.000000,1.000000,1.000000,2.000000,2.000000,2.000000,3.000000,4.000000,6.000000,9.000000,11.000000,21.000000
row476,6,6,6,11,1,1,1,1,1,1,1,1,3444,37.000000,1.000000,1.000000,2.000000,2.000000,4.000000,4.000000,6.000000,8.000000,10.000000,13.000000,25.000000
row477,11,6,6,11,1,1,1,1,1,1,1,1,3444,42.000000,1.000000,1.000000,2.000000,2.000000,4.000000,6.000000,8.000000,11.000000,12.000000,14.000000,30.000000
row478,16,6,6,11,1,1,1,1,1,1,1,1,3444,47.000000,1.000000,1.000000,2.000000,2.000000,4.000000,6.000000,9.000000,12.000000,16.000000,18.000000,35.000000
row479,21,6,6,11,1,1,1,1,1,1,1,1,3444,52.000000,1.000000,1.000000,2.000000,2.000000,4.000000,6.000000,9.000000,13.000000,20.000000,23.000000,40.000000
row480,25,6,6,11,1,1,1,1,1,1,1,1,3444,56.000000,1.000000,1.000000,2.000000,2.000000,4.000000,6.000000,9.000000,13.000000,23.000000,27.000000,44.000000
row481,1,11,6,11,1,1,1,1,1,1,1,1,3290,37.000000,1.000000,1.000000,2.000000,2.000000,2.000000,3.000000,4.000000,7.000000,10.000000,13.000000,24.000000
row482,6,11,6,11,1,1,1,1,1,1,1,1,3444,42.000000,1.000000,1.000000,2.000000,2.000000,4.000000,4.000000,6.000000,8.000000,10.000000,13.000000,29.000000
row483,11,11,6,11,1,1,1,1,1,1,1,1,3444,47.000000,1.000000,1.000000,2.000000,2.000000,4.000000,6.000000,9.000000,11.000000,12.000000,14.000000,34.000000
row484,16,11,6,11,1,1,1,1,1,1,1,1,3444,52.000000,1.000000,1.000000,2.000000,2.000000,4.000000,6.000000,9.000000,12.000000,16.000000,18.000000,39.000000
row485,21,11,6,11,1,1,1,1,1,1,1,1,3444,57.000000,1.000000,1.000000,2.000000,2.000000,4.000000,6.000000,9.000000,13.000000,20.000000,23.000000,44.000000
row486,25,11,6,11,1,1,1,1,1,1,1,1,3444,61.000000,1.000000,1.000000,2.000000,2.000000,4.000000,6.000000,9.000000,13.000000,23.400000,27.000000,48.000000
row487,1,16,6,11,1,1,1,1,1,1,1,1,3290,42.000000,1.000000,1.000000,2.000000,2.000000,2.000000,3.000000,4.000000,7.000000,10.000000,13.000000,29.000000
row488,6,16,6,11,1,1,1,1,1,1,1,1,3444,47.000000,1.000000,1.000000,2.000000,2.000000,4.000000,4.000000,6.000000,8.000000,10.000000,15.000000,34.000000
row489,11,16,6,11,1,1,1,1,1,1,1,1,3444,52.000000,1.000000,1.000000,2.000000,2.000000,4.000000,6.000000,9.000000,11.000000,13.000000,15.000000,39.000000
row490,16,16,6,11,1,1,1,1,1,1,1,1,3444,57.000000,1.000000,1.000000,2.000000,2.000000,4.000000,6.000000,9.000000,13.000000,16.000000,18.000000,44.000000
row491,21,16,6,11,1,1,1,1,1,1,1,1,3444,62.000000,1.000000,1.000000,2.000000,2.000000,4.000000,6.000000,9.000000,13.000000,20.400000,23.000000,49.000000
row492,25,16,6,11,1,1,1,1,1,1,1,1,3444,66.000000,1.000000,1.000000,2.000000,2.000000,4.000000,6.000000,9.000000,13.000000,24.000000,27.000000,53.000000
row493,1,21,6,11,1,1,1,1,1,1,1,1,3290,47.000000,1.000000,1.000000,2.000000,2.000000,2.000000,3.000000,4.000000,7.000000,10.000000,13.000000,34.000000
row494,6,21,6,11,1,1,1,1,1,1,1,1,3444,52.000000,1.000000,1.000000,2.000000,2.000000,4.000000,4.000000,6.000000,8.000000,10.000000,15.000000,39.000000
row495,11,21,6,11,1,1,1,1,1,1,1,1,3444,57.000000,1.000000,1.000000,2.000000,2.000000,4.000000,6.000000,9.000000,11.000000,13.000000,16.000000,44.000000
row496,16,21,6,11,1,1,1,1,1,1,1,1,3444,62.000000,1.000000,1.000000,2.000000,2.000000,4.000000,6.000000,9.000000,13.000000,16.000000,20.000000,49.000000
row497,21,21,6,11,1,1,1,1,1,1,1,1,3444,67.000000,1.000000,1.000000,2.000000,2.000000,4.000000,6.000000,9.000000,13.100000,21.000000,23.000000,54.000000
row498,25,21,6,11,1,1,1,1,1,1,1,1,3444,71.000000,1.000000,1.000000,2.000000,2.000000,4.000000,6.000000,9.000000,13.100000,24.000000,27.000000,58.000000
row499,1,25,6,11,1,1,1,1,1,1,1,1,3290,51.000000,1.000000,1.000000,2.000000,2.000000,2.000000,3.000000,4.000000,7.000000,10.000000,13.000000,38.000000
row500,6,25,6,11,1,1,1,1,1,1,1,1,3444,56.000000,1.000000,1.000000,2.000000,2.000000,4.000000,4.000000,6.000000,8.000000,10.000000,15.000000,43.000000
row501,11,25,6,11,1,1,1,1,1,1,1,1,3444,61.000000,1.000000,1.000000,2.000000,2.000000,4.000000,6.000000,9.000000,11.000000,13.000000,16.000000,48.000000
row502,16,25,6,11,1,1,1,1,1,1,1,1,3444,66.000000,1.000000,1.000000,2.000000,2.000000,4.000000,6.000000,9.000000,13.000000,16.000000,20.000000,53.000000
row503,21,25,6,11,1,1,1,1,1,1,1,1,3444,71.000000,1.000000,1.000000,2.000000,2.000000,4.000000,6.000000,9.000000,13.100000,21.000000,24.000000,58.000000
row504,25,25,6,11,1,1,1,1,1,1,1,1,3444,75.000000,1.000000,1.000000,2.000000,2.000000,4.000000,6.000000,9.000000,13.100000,25.000000,27.000000,62.000000
row505,1,1,11,11,1,1,1,1,1,1,1,1,3271,32.000000,1.000000,1.000000,1.000000,2.000000,2.000000,3.000000,4.000000,9.000000,11.000000,13.000000,26.000000
row506,6,1,11,11,1,1,1,1,1,1,1,1,3425,37.000000,1.000000,1.000000,2.000000,2.000000,3.000000,5.000000,8.000000,9.000000,11.000000,13.000000,30.000000
row507,11,1,11,11,1,1,1,1,1,1,1,1,3425,42.000000,1.000000,1.000000,2.000000,2.000000,4.000000,9.000000,11.000000,11.000000,13.000000,13.000000,35.000000
row508,16,1,11,11,1,1,1,1,1,1,1,1,3425,47.000000,1.000000,1.000000,2.000000,2.000000,4.000000,9.000000,11.000000,13.000000,16.000000,18.000000,40.000000
row509,21,1,11,11,1,1,1,1,1,1,1,1,3425,52.000000,1.000000,1.000000,2.000000,2.000000,4.000000,9.000000,11.000000,13.000000,21.000000,23.000000,45.000000
row510,25,1,11,11,1,1,1,1,1,1,1,1,3425,56.000000,1.000000,1.000000,2.000000,2.000000,4.000000,9.000000,11.000000,13.000000,25.000000,27.000000,49.000000
row511,1,6,11,11,1,1,1,1,1,1,1,1,3290,37.000000,1.000000,1.000000,2.000000,2.000000,2.000000,3.000000,5.000000,9.000000,11.000000,13.000000,26.000000
row512,6,6,11,11,1,1,1,1,1,1,1,1,3444,42.000000,1.000000,1.000000,2.000000,2.000000,4.000000,6.000000,8.000000,10.000000,11.000000,13.000000,30.000000
row513,11,6,11,11,1,1,1,1,1,1,1,1,3444,47.000000,1.000000,1.000000,2.000000,2.000000,4.000000,9.000000,10.000000,11.000000,13.000000,15.000000,35.000000
row514,16,6,11,11,1,1,1,1,1,1,1,1,3444,52.000000,1.000000,1.000000,2.000000,2.000000,4.000000,9.000000,11.000000,13.000000,16.000000,18.000000,40.000000
row515,21,6,11,11,1,1,1,1,1,1,1,1,3444,57.000000,1.000000,1.000000,2.000000,2.000000,4.000000,9.000000,11.000000,13.000000,21.000000,23.000000,45.000000
row516,25,6,11,11,1,1,1,1,1,1,1,1,3444,61.000000,1.000000,1.000000,2.000000,2.000000,4.000000,9.000000,11.000000,13.000000,25.000000,27.000000,49.000000
row517,1,11,11,11,1,1,1,1,1,1,1,1,3290,42.000000,1.000000,1.000000,2.000000,2.000000,2.000000,3.000000,7.000000,10.000000,11.000000,13.000000,26.000000
row518,6,11,11,11,1,1,1,1,1,1,1,1,3444,47.000000,1.000000,1.000000,2.000000,2.000000,4.000000,6.000000,8.000000,10.000000,11.000000,14.000000,30.000000
row519,11,11,11,11,1,1,1,1,1,1,1,1,3444,52.000000,1.000000,1.000000,2.000000,2.000000,4.000000,9.000000,11.000000,11.000000,13.000000,15.000000,35.000000
row520,16,11,11,11,1,1,1,1,1,1,1,1,3444,57.000000,1.000000,1.000000,2.000000,2.000000,4.000000,9.000000,11.000000,13.000000,16.000000,18.000000,40.000000
row521,21,11,11,11,1,1,1,1,1,1,1,1,3444,62.000000,1.000000,1.000000,2.000000,2.000000,4.000000,9.000000,11.000000,13.000000,21.000000,23.000000,45.000000
row522,25,11,11,11,1,1,1,1,1,1,1,1,3444,66.000000,1.000000,1.000000,2.000000,2.000000,4.000000,9.000000,11.000000,13.000000,25.000000,27.000000,49.000000
row523,1,16,11,11,1,1,1,1,1,1,1,1,3290,47.000000,1.000000,1.000000,2.000000,2.000000,2.000000,3.000000,7.000000,10.000000,12.000000,15.000000,29.000000
row524,6,16,11,11,1,1,1,1,1,1,1,1,3444,52.000000,1.000000,1.000000,2.000000,2.000000,4.000000,6.000000,8.000000,10.000000,12.000000,15.000000,34.000000
row525,11,16,11,11,1,1,1,1,1,1,1,1,3444,57.000000,1.000000,1.000000,2.000000,2.000000,4.000000,9.000000,11.000000,11.000000,13.000000,16.000000,39.000000
row526,16,16,11,11,1,1,1,1,1,1,1,1,3444,62.000000,1.000000,1.000000,2.000000,2.000000,4.000000,9.000000,11.000000,13.000000,16.000000,18.000000,44.000000
row527,21,16,11,11,1,1,1,1,1,1,1,1,3444,67.000000,1.000000,1.000000,2.000000,2.000000,4.000000,9.000000,11.000000,14.000000,21.000000,23.000000,49.000000
row528,25,16,11,11,1,1,1,1,1,1,1,1,3444,71.000000,1.000000,1.000000,2.000000,2.000000,4.000000,9.000000,11.000000,14.000000,25.000000,27.000000,53.000000
row529,1,21,11,11,1,1,1,1,1,1,1,1,3290,52.000000,1.000000,1.000000,2.000000,2.000000,2.000000,3.000000,7.000000,10.000000,12.000000,15.000000,34.000000
row530,6,21,11,11,1,1,1,1,1,1,1,1,3444,57.000000,1.000000,1.000000,2.000000,2.000000,4.000000,6.000000,8.000000,10.000000,12.000000,17.000000,39.000000
row531,11,21,11,11,1,1,1,1,1,1,1,1,3444,62.000000,1.000000,1.000000,2.000000,2.000000,4.000000,9.000000,11.000000,11.000000,13.000000,20.000000,44.000000
row532,16,21,11,11,1,1,1,1,1,1,1,1,3444,67.000000,1.000000,1.000000,2.000000,2.000000,4.000000,9.000000,11.000000,13.000000,16.000000,20.000000,49.000000
row533,21,21,11,11,1,1,1,1,1,1,1,1,3444,72.000000,1.000000,1.000000,2.000000,2.000000,4.000000,9.000000,11.000000,15.000000,21.000000,23.000000,54.000000
row534,25,21,11,11,1,1,1,1,1,1,1,1,3444,76.000000,1.000000,1.000000,2.000000,2.000000,4.000000,9.000000,11.000000,15.000000,25.000000,27.000000,58.000000
row535,1,25,11,11,1,1,1,1,1,1,1,1,3290,56.000000,1.000000,1.000000,2.000000,2.000000,2.000000,3.000000,7.000000,10.000000,12.000000,15.000000,38.000000
row536,6,25,11,11,1,1,1,1,1,1,1,1,3444,61.000000,1.000000,1.000000,2.000000,2.000000,4.000000,6.000000,8.000000,10.000000,12.000000,17.000000,43.000000
row537,11,25,11,11,1,1,1,1,1,1,1,1,3444,66.000000,1.000000,1.000000,2.000000,2.000000,4.000000,9.000000,11.000000,11.000000,13.000000,21.000000,48.000000
row538,16,25,11,11,1,1,1,1,1,1,1,1,3444,71.000000,1.000000,1.000000,2.000000,2.000000,4.000000,9.000000,11.000000,13.000000,16.000000,22.000000,53.000000
row539,21,25,11,11,1,1,1,1,1,1,1,1,3444,76.000000,1.000000,1.000000,2.000000,2.000000,4.000000,9.000000,11.000000,15.000000,21.000000,24.000000,58.000000
row540,25,25,11,11,1,1,1,1,1,1,1,1,3444,80.000000,1.000000,1.000000,2.000000,2.000000,4.000000,9.000000,11.000000,15.000000,25.000000,27.000000,62.000000
row541,1,1,16,11,1,1,1,1,1,1,1,1,3271,37.000000,1.000000,1.000000,1.000000,2.000000,2.000000,3.000000,4.000000,10.000000,13.000000,16.000000,31.000000
row542,6,1,16,11,1,1,1,1,1,1,1,1,3425,42.000000,1.000000,1.000000,2.000000,2.000000,3.000000,5.000000,8.000000,10.000000,13.000000,17.000000,35.000000
row543,11,1,16,11,1,1,1,1,1,1,1,1,3425,47.000000,1.000000,1.000000,2.000000,2.000000,4.000000,9.000000,11.000000,13.000000,14.000000,17.000000,40.000000
row544,16,1,16,11,1,1,1,1,1,1,1,1,3425,52.000000,1.000000,1.000000,2.000000,2.000000,4.000000,10.000000,13.000000,16.000000,16.000000,18.000000,45.000000
row545,21,1,16,11,1,1,1,1,1,1,1,1,3425,57.000000,1.000000,1.000000,2.000000,2.000000,4.000000,10.000000,14.000000,17.000000,21.000000,23.000000,50.000000
row546,25,1,16,11,1,1,1,1,1,1,1,1,3425,61.000000,1.000000,1.000000,2.000000,2.000000,4.000000,10.000000,14.000000,18.000000,25.000000,27.000000,54.000000
row547,1,6,16,11,1,1,1,1,1,1,1,1,3290,42.000000,1.000000,1.000000,2.000000,2.000000,2.000000,3.000000,5.000000,10.000000,13.000000,16.000000,31.000000
row548,6,6,16,11,1,1,1,1,1,1,1,1,3444,47.000000,1.000000,1.000000,2.000000,2.000000,4.000000,6.000000,8.000000,11.000000,14.000000,17.000000,35.000000
row549,11,6,16,11,1,1,1,1,1,1,1,1,3444,52.000000,1.000000,1.000000,2.000000,2.000000,4.000000,9.000000,11.000000,13.000000,15.000000,18.000000,40.000000
row550,16,6,16,11,1,1,1,1,1,1,1,1,3444,57.000000,1.000000,1.000000,2.000000,2.000000,4.000000,10.000000,13.000000,16.000000,17.000000,19.000000,45.000000
row551,21,6,16,11,1,1,1,1,1,1,1,1,3444,62.000000,1.000000,1.000000,2.000000,2.000000,4.000000,10.000000,14.000000,17.000000,21.000000,23.000000,50.000000
row552,25,6,16,11,1,1,1,1,1,1,1,1,3444,66.000000,1.000000,1.000000,2.000000,2.000000,4.000000,10.000000,14.000000,18.000000,25.000000,27.000000,54.000000
row553,1,11,16,11,1,1,1,1,1,1,1,1,3290,47.000000,1.000000,1.000000,2.000000,2.000000,2.000000,3.000000,7.000000,11.000000,14.000000,16.000000,31.000000
row554,6,11,16,11,1,1,1,1,1,1,1,1,3444,52.000000,1.000000,1.000000,2.000000,2.000000,4.000000,6.000000,8.000000,11.000000,14.000000,18.000000,35.000000
row555,11,11,16,11,1,1,1,1,1,1,1,1,3444,57.000000,1.000000,1.000000,2.000000,2.000000,4.000000,9.000000,11.000000,13.000000,15.000000,18.000000,40.000000
row556,16,11,16,11,1,1,1,1,1,1,1,1,3444,62.000000,1.000000,1.000000,2.000000,2.000000,4.000000,11.000000,13.000000,16.000000,17.000000,19.000000,45.000000
row557,21,11,16,11,1,1,1,1,1,1,1,1,3444,67.000000,1.000000,1.000000,2.000000,2.000000,4.000000,11.000000,14.000000,17.000000,21.000000,23.000000,50.000000
row558,25,11,16,11,1,1,1,1,1,1,1,1,3444,71.000000,1.000000,1.000000,2.000000,2.000000,4.000000,11.000000,14.000000,18.000000,25.000000,27.000000,54.000000
row559,1,16,16,11,1,1,1,1,1,1,1,1,3290,52.000000,1.000000,1.000000,2.000000,2.000000,2.000000,3.000000,7.000000,12.000000,15.000000,18.000000,34.000000
row560,6,16,16,11,1,1,1,1,1,1,1,1,3444,57.000000,1.000000,1.000000,2.000000,2.000000,4.000000,6.000000,8.000000,11.000000,15.000000,18.000000,35.000000
row561,11,16,16,11,1,1,1,1,1,1,1,1,3444,62.000000,1.000000,1.000000,2.000000,2.000000,4.000000,9.000000,11.000000,13.000000,15.000000,18.000000,40.000000
row562,16,16,16,11,1,1,1,1,1,1,1,1,3444,67.000000,1.000000,1.000000,2.000000,2.000000,4.000000,11.000000,14.000000,16.000000,17.000000,19.000000,45.000000
row563,21,16,16,11,1,1,1,1,1,1,1,1,3444,72.000000,1.000000,1.000000,2.000000,2.000000,4.000000,11.000000,15.000000,18.000000,21.000000,23.000000,50.000000
row564,25,16,16,11,1,1,1,1,1,1,1,1,3444,76.000000,1.000000,1.000000,2.000000,2.000000,4.000000,11.000000,15.000000,18.000000,25.000000,27.000000,54.000000
row565,1,21,16,11,1,1,1,1,1,1,1,1,3290,57.000000,1.000000,1.000000,2.000000,2.000000,2.000000,3.000000,7.000000,12.000000,15.000000,18.000000,39.000000
row566,6,21,16,11,1,1,1,1,1,1,1,1,3444,62.000000,1.000000,1.000000,2.000000,2.000000,4.000000,6.000000,8.000000,11.000000,15.000000,19.000000,39.000000
row567,11,21,16,11,1,1,1,1,1,1,1,1,3444,67.000000,1.000000,1.000000,2.000000,2.000000,4.000000,9.000000,11.000000,13.000000,15.000000,20.000000,44.000000
row568,16,21,16,11,1,1,1,1,1,1,1,1,3444,72.000000,1.000000,1.000000,2.000000,2.000000,4.000000,11.000000,14.000000,16.000000,18.000000,21.000000,49.000000
row569,21,21,16,11,1,1,1,1,1,1,1,1,3444,77.000000,1.000000,1.000000,2.000000,2.000000,4.000000,11.000000,15.000000,18.000000,21.000000,23.000000,54.000000
row570,25,21,16,11,1,1,1,1,1,1,1,1,3444,81.000000,1.000000,1.000000,2.000000,2.000000,4.000000,11.000000,15.000000,18.100000,25.000000,27.000000,58.000000
row571,1,25,16,11,1,1,1,1,1,1,1,1,3290,61.000000,1.000000,1.000000,2.000000,2.000000,2.000000,3.000000,7.000000,12.000000,15.000000,18.100000,43.000000
row572,6,25,16,11,1,1,1,1,1,1,1,1,3444,66.000000,1.000000,1.000000,2.000000,2.000000,4.000000,6.000000,8.000000,11.000000,15.000000,19.000000,43.000000
row573,11,25,16,11,1,1,1,1,1,1,1,1,3444,71.000000,1.000000,1.000000,2.000000,2.000000,4.000000,9.000000,11.000000,13.000000,15.000000,22.000000,48.000000
row574,16,25,16,11,1,1,1,1,1,1,1,1,3444,76.000000,1.000000,1.000000,2.000000,2.000000,4.000000,11.000000,14.000000,16.000000,18.000000,25.000000,53.000000
row575,21,25,16,11,1,1,1,1,1,1,1,1,3444,81.000000,1.000000,1.000000,2.000000,2.000000,4.000000,11.000000,15.000000,18.000000,21.000000,25.000000,58.000000
row576,25,25,16,11,1,1,1,1,1,1,1,1,3444,85.000000,1.000000,1.000000,2.000000,2.000000,4.000000,11.000000,15.000000,19.000000,25.000000,27.000000,62.000000
row577,1,1,21,11,1,1,1,1,1,1,1,1,3271,42.000000,1.000000,1.000000,1.000000,2.000000,2.000000,3.000000,4.000000,10.000000,14.000000,21.000000,36.000000
row578,6,1,21,11,1,1,1,1,1,1,1,1,3425,47.000000,1.000000,1.000000,2.000000,2.000000,3.000000,5.000000,8.000000